DEB [20230503-15:33:24.920] thr=1   paramiko.transport: starting thread (client mode): 0xc4696c10
DEB [20230503-15:33:24.921] thr=1   paramiko.transport: Local version/idstring: SSH-2.0-paramiko_2.10.3
DEB [20230503-15:33:24.934] thr=1   paramiko.transport: Remote version/idstring: SSH-2.0-OpenSSH_7.4
INF [20230503-15:33:24.935] thr=1   paramiko.transport: Connected (version 2.0, client OpenSSH_7.4)
DEB [20230503-15:33:24.938] thr=1   paramiko.transport: === Key exchange possibilities ===
DEB [20230503-15:33:24.939] thr=1   paramiko.transport: kex algos: curve25519-sha256, curve25519-sha256@libssh.org, ecdh-sha2-nistp256, ecdh-sha2-nistp384, ecdh-sha2-nistp521, diffie-hellman-group-exchange-sha256, diffie-hellman-group16-sha512, diffie-hellman-group18-sha512, diffie-hellman-group-exchange-sha1, diffie-hellman-group14-sha256, diffie-hellman-group14-sha1, diffie-hellman-group1-sha1
DEB [20230503-15:33:24.939] thr=1   paramiko.transport: server key: ssh-rsa, rsa-sha2-512, rsa-sha2-256, ecdsa-sha2-nistp256, ssh-ed25519
DEB [20230503-15:33:24.939] thr=1   paramiko.transport: client encrypt: aes256-ctr, aes192-ctr, aes128-ctr
DEB [20230503-15:33:24.940] thr=1   paramiko.transport: server encrypt: aes256-ctr, aes192-ctr, aes128-ctr
DEB [20230503-15:33:24.940] thr=1   paramiko.transport: client mac: umac-64-etm@openssh.com, umac-128-etm@openssh.com, hmac-sha2-256-etm@openssh.com, hmac-sha2-512-etm@openssh.com, hmac-sha1-etm@openssh.com, umac-64@openssh.com, umac-128@openssh.com, hmac-sha2-256, hmac-sha2-512, hmac-sha1
DEB [20230503-15:33:24.940] thr=1   paramiko.transport: server mac: umac-64-etm@openssh.com, umac-128-etm@openssh.com, hmac-sha2-256-etm@openssh.com, hmac-sha2-512-etm@openssh.com, hmac-sha1-etm@openssh.com, umac-64@openssh.com, umac-128@openssh.com, hmac-sha2-256, hmac-sha2-512, hmac-sha1
DEB [20230503-15:33:24.940] thr=1   paramiko.transport: client compress: none, zlib@openssh.com
DEB [20230503-15:33:24.940] thr=1   paramiko.transport: server compress: none, zlib@openssh.com
DEB [20230503-15:33:24.941] thr=1   paramiko.transport: client lang: <none>
DEB [20230503-15:33:24.941] thr=1   paramiko.transport: server lang: <none>
DEB [20230503-15:33:24.941] thr=1   paramiko.transport: kex follows: False
DEB [20230503-15:33:24.941] thr=1   paramiko.transport: === Key exchange agreements ===
DEB [20230503-15:33:24.941] thr=1   paramiko.transport: Kex: curve25519-sha256@libssh.org
DEB [20230503-15:33:24.942] thr=1   paramiko.transport: HostKey: ecdsa-sha2-nistp256
DEB [20230503-15:33:24.942] thr=1   paramiko.transport: Cipher: aes128-ctr
DEB [20230503-15:33:24.942] thr=1   paramiko.transport: MAC: hmac-sha2-256
DEB [20230503-15:33:24.942] thr=1   paramiko.transport: Compression: none
DEB [20230503-15:33:24.942] thr=1   paramiko.transport: === End of kex handshake ===
DEB [20230503-15:33:24.991] thr=1   paramiko.transport: kex engine KexCurve25519 specified hash_algo <built-in function openssl_sha256>
DEB [20230503-15:33:24.992] thr=1   paramiko.transport: Switch to new keys ...
DEB [20230503-15:33:24.993] thr=1   paramiko.transport: Got EXT_INFO: {'server-sig-algs': b'rsa-sha2-256,rsa-sha2-512'}
DEB [20230503-15:33:24.993] thr=2   paramiko.transport: Trying SSH agent key b'6a0b7b17170f6c0059fe0294ac2d5de7'
DEB [20230503-15:33:25.039] thr=1   paramiko.transport: userauth is OK
DEB [20230503-15:33:25.039] thr=1   paramiko.transport: Finalizing pubkey algorithm for key of type 'ssh-rsa'
DEB [20230503-15:33:25.039] thr=1   paramiko.transport: Our pubkey algorithm list: ['rsa-sha2-512', 'rsa-sha2-256', 'ssh-rsa']
DEB [20230503-15:33:25.040] thr=1   paramiko.transport: Server-side algorithm list: ['rsa-sha2-256', 'rsa-sha2-512']
DEB [20230503-15:33:25.040] thr=1   paramiko.transport: Agreed upon 'rsa-sha2-512' pubkey algorithm
INF [20230503-15:33:25.054] thr=1   paramiko.transport: Auth banner: b'\n            Access to this system is monitored and restricted to\n            authorised users.   If you do not have authorisation\n            to use  this system,  you should not  proceed beyond\n            this point and should disconnect immediately.\n\n            Unauthorised use could lead to prosecution.\n\n    (See also - http://www.stfc.ac.uk/aup)\n\n'
INF [20230503-15:33:25.056] thr=1   paramiko.transport: Authentication (publickey) successful!
DEB [20230503-15:33:25.056] thr=2   paramiko.transport: [chan 0] Max packet in: 32768 bytes
DEB [20230503-15:33:25.062] thr=1   paramiko.transport: Received global request "hostkeys-00@openssh.com"
DEB [20230503-15:33:25.062] thr=1   paramiko.transport: Rejecting "hostkeys-00@openssh.com" global request from server.
DEB [20230503-15:33:25.107] thr=1   paramiko.transport: [chan 0] Max packet out: 32768 bytes
DEB [20230503-15:33:25.108] thr=1   paramiko.transport: Secsh channel 0 opened.
DEB [20230503-15:33:25.114] thr=1   paramiko.transport: [chan 0] Sesch channel 0 request ok
INF [20230503-15:33:25.150] thr=2   paramiko.transport.sftp: [chan 0] Opened sftp connection (server version 3)
DEB [20230503-15:33:25.151] thr=2   paramiko.transport: [chan 1] Max packet in: 32768 bytes
DEB [20230503-15:33:25.155] thr=1   paramiko.transport: [chan 1] Max packet out: 32768 bytes
DEB [20230503-15:33:25.156] thr=1   paramiko.transport: Secsh channel 1 opened.
DEB [20230503-15:33:25.163] thr=1   paramiko.transport: [chan 1] Sesch channel 1 request ok
DEB [20230503-15:33:25.163] thr=2   paramiko.transport: [chan 1] EOF sent (1)
DEB [20230503-15:33:25.164] thr=2   paramiko.transport: [chan 2] Max packet in: 32768 bytes
DEB [20230503-15:33:25.204] thr=1   paramiko.transport: [chan 1] EOF received (1)
DEB [20230503-15:33:25.208] thr=1   paramiko.transport: [chan 2] Max packet out: 32768 bytes
DEB [20230503-15:33:25.209] thr=1   paramiko.transport: Secsh channel 2 opened.
DEB [20230503-15:33:25.256] thr=1   paramiko.transport: [chan 2] Sesch channel 2 request ok
DEB [20230503-15:33:25.287] thr=1   paramiko.transport: [chan 2] EOF received (2)
DEB [20230503-15:33:25.287] thr=2   paramiko.transport: [chan 2] EOF sent (2)
DEB [20230503-15:33:25.289] thr=2   paramiko.transport: [chan 3] Max packet in: 32768 bytes
DEB [20230503-15:33:25.336] thr=1   paramiko.transport: [chan 3] Max packet out: 32768 bytes
DEB [20230503-15:33:25.337] thr=1   paramiko.transport: Secsh channel 3 opened.
DEB [20230503-15:33:25.343] thr=1   paramiko.transport: [chan 3] Sesch channel 3 request ok
DEB [20230503-15:33:25.386] thr=1   paramiko.transport: [chan 3] EOF received (3)
DEB [20230503-15:33:25.387] thr=2   paramiko.transport: [chan 3] EOF sent (3)
DEB [20230503-15:33:25.389] thr=2   paramiko.transport: [chan 4] Max packet in: 32768 bytes
DEB [20230503-15:33:25.436] thr=1   paramiko.transport: [chan 4] Max packet out: 32768 bytes
DEB [20230503-15:33:25.436] thr=1   paramiko.transport: Secsh channel 4 opened.
DEB [20230503-15:33:25.443] thr=1   paramiko.transport: [chan 4] Sesch channel 4 request ok
DEB [20230503-15:33:25.486] thr=1   paramiko.transport: [chan 4] EOF received (4)
DEB [20230503-15:33:25.487] thr=2   paramiko.transport.sftp: [chan 0] remove(b'/home/users/gobncas/aggregatebmetadata.py')
DEB [20230503-15:33:25.488] thr=1   paramiko.transport: [chan 4] EOF sent (4)
DEB [20230503-16:15:03.290] thr=1   paramiko.transport: starting thread (client mode): 0x7af88b80
DEB [20230503-16:15:03.291] thr=1   paramiko.transport: Local version/idstring: SSH-2.0-paramiko_2.10.3
DEB [20230503-16:15:03.306] thr=1   paramiko.transport: Remote version/idstring: SSH-2.0-OpenSSH_7.4
INF [20230503-16:15:03.307] thr=1   paramiko.transport: Connected (version 2.0, client OpenSSH_7.4)
DEB [20230503-16:15:03.311] thr=1   paramiko.transport: === Key exchange possibilities ===
DEB [20230503-16:15:03.311] thr=1   paramiko.transport: kex algos: curve25519-sha256, curve25519-sha256@libssh.org, ecdh-sha2-nistp256, ecdh-sha2-nistp384, ecdh-sha2-nistp521, diffie-hellman-group-exchange-sha256, diffie-hellman-group16-sha512, diffie-hellman-group18-sha512, diffie-hellman-group-exchange-sha1, diffie-hellman-group14-sha256, diffie-hellman-group14-sha1, diffie-hellman-group1-sha1
DEB [20230503-16:15:03.311] thr=1   paramiko.transport: server key: ssh-rsa, rsa-sha2-512, rsa-sha2-256, ecdsa-sha2-nistp256, ssh-ed25519
DEB [20230503-16:15:03.311] thr=1   paramiko.transport: client encrypt: aes256-ctr, aes192-ctr, aes128-ctr
DEB [20230503-16:15:03.311] thr=1   paramiko.transport: server encrypt: aes256-ctr, aes192-ctr, aes128-ctr
DEB [20230503-16:15:03.311] thr=1   paramiko.transport: client mac: umac-64-etm@openssh.com, umac-128-etm@openssh.com, hmac-sha2-256-etm@openssh.com, hmac-sha2-512-etm@openssh.com, hmac-sha1-etm@openssh.com, umac-64@openssh.com, umac-128@openssh.com, hmac-sha2-256, hmac-sha2-512, hmac-sha1
DEB [20230503-16:15:03.311] thr=1   paramiko.transport: server mac: umac-64-etm@openssh.com, umac-128-etm@openssh.com, hmac-sha2-256-etm@openssh.com, hmac-sha2-512-etm@openssh.com, hmac-sha1-etm@openssh.com, umac-64@openssh.com, umac-128@openssh.com, hmac-sha2-256, hmac-sha2-512, hmac-sha1
DEB [20230503-16:15:03.311] thr=1   paramiko.transport: client compress: none, zlib@openssh.com
DEB [20230503-16:15:03.311] thr=1   paramiko.transport: server compress: none, zlib@openssh.com
DEB [20230503-16:15:03.311] thr=1   paramiko.transport: client lang: <none>
DEB [20230503-16:15:03.311] thr=1   paramiko.transport: server lang: <none>
DEB [20230503-16:15:03.311] thr=1   paramiko.transport: kex follows: False
DEB [20230503-16:15:03.311] thr=1   paramiko.transport: === Key exchange agreements ===
DEB [20230503-16:15:03.312] thr=1   paramiko.transport: Kex: curve25519-sha256@libssh.org
DEB [20230503-16:15:03.312] thr=1   paramiko.transport: HostKey: ecdsa-sha2-nistp256
DEB [20230503-16:15:03.312] thr=1   paramiko.transport: Cipher: aes128-ctr
DEB [20230503-16:15:03.312] thr=1   paramiko.transport: MAC: hmac-sha2-256
DEB [20230503-16:15:03.312] thr=1   paramiko.transport: Compression: none
DEB [20230503-16:15:03.312] thr=1   paramiko.transport: === End of kex handshake ===
DEB [20230503-16:15:03.364] thr=1   paramiko.transport: kex engine KexCurve25519 specified hash_algo <built-in function openssl_sha256>
DEB [20230503-16:15:03.366] thr=1   paramiko.transport: Switch to new keys ...
DEB [20230503-16:15:03.367] thr=1   paramiko.transport: Got EXT_INFO: {'server-sig-algs': b'rsa-sha2-256,rsa-sha2-512'}
DEB [20230503-16:15:03.369] thr=2   paramiko.transport: Trying SSH agent key b'6a0b7b17170f6c0059fe0294ac2d5de7'
DEB [20230503-16:15:03.413] thr=1   paramiko.transport: userauth is OK
DEB [20230503-16:15:03.413] thr=1   paramiko.transport: Finalizing pubkey algorithm for key of type 'ssh-rsa'
DEB [20230503-16:15:03.414] thr=1   paramiko.transport: Our pubkey algorithm list: ['rsa-sha2-512', 'rsa-sha2-256', 'ssh-rsa']
DEB [20230503-16:15:03.414] thr=1   paramiko.transport: Server-side algorithm list: ['rsa-sha2-256', 'rsa-sha2-512']
DEB [20230503-16:15:03.414] thr=1   paramiko.transport: Agreed upon 'rsa-sha2-512' pubkey algorithm
INF [20230503-16:15:03.436] thr=1   paramiko.transport: Auth banner: b'\n            Access to this system is monitored and restricted to\n            authorised users.   If you do not have authorisation\n            to use  this system,  you should not  proceed beyond\n            this point and should disconnect immediately.\n\n            Unauthorised use could lead to prosecution.\n\n    (See also - http://www.stfc.ac.uk/aup)\n\n'
INF [20230503-16:15:03.436] thr=1   paramiko.transport: Authentication (publickey) successful!
DEB [20230503-16:15:03.437] thr=2   paramiko.transport: [chan 0] Max packet in: 32768 bytes
DEB [20230503-16:15:03.452] thr=1   paramiko.transport: Received global request "hostkeys-00@openssh.com"
DEB [20230503-16:15:03.453] thr=1   paramiko.transport: Rejecting "hostkeys-00@openssh.com" global request from server.
DEB [20230503-16:15:03.499] thr=1   paramiko.transport: [chan 0] Max packet out: 32768 bytes
DEB [20230503-16:15:03.499] thr=1   paramiko.transport: Secsh channel 0 opened.
DEB [20230503-16:15:03.506] thr=1   paramiko.transport: [chan 0] Sesch channel 0 request ok
INF [20230503-16:15:03.556] thr=2   paramiko.transport.sftp: [chan 0] Opened sftp connection (server version 3)
DEB [20230503-16:15:03.557] thr=2   paramiko.transport: [chan 1] Max packet in: 32768 bytes
DEB [20230503-16:15:03.562] thr=1   paramiko.transport: [chan 1] Max packet out: 32768 bytes
DEB [20230503-16:15:03.562] thr=1   paramiko.transport: Secsh channel 1 opened.
DEB [20230503-16:15:03.569] thr=1   paramiko.transport: [chan 1] Sesch channel 1 request ok
DEB [20230503-16:15:03.570] thr=2   paramiko.transport: [chan 1] EOF sent (1)
DEB [20230503-16:15:03.570] thr=2   paramiko.transport: [chan 2] Max packet in: 32768 bytes
DEB [20230503-16:15:03.610] thr=1   paramiko.transport: [chan 1] EOF received (1)
DEB [20230503-16:15:03.614] thr=1   paramiko.transport: [chan 2] Max packet out: 32768 bytes
DEB [20230503-16:15:03.614] thr=1   paramiko.transport: Secsh channel 2 opened.
DEB [20230503-16:15:03.663] thr=1   paramiko.transport: [chan 2] Sesch channel 2 request ok
DEB [20230503-16:15:03.707] thr=1   paramiko.transport: [chan 2] EOF received (2)
DEB [20230503-16:15:03.708] thr=2   paramiko.transport: [chan 2] EOF sent (2)
DEB [20230503-16:15:03.709] thr=2   paramiko.transport: [chan 3] Max packet in: 32768 bytes
DEB [20230503-16:15:03.756] thr=1   paramiko.transport: [chan 3] Max packet out: 32768 bytes
DEB [20230503-16:15:03.756] thr=1   paramiko.transport: Secsh channel 3 opened.
DEB [20230503-16:15:03.764] thr=1   paramiko.transport: [chan 3] Sesch channel 3 request ok
DEB [20230503-16:15:03.823] thr=1   paramiko.transport: [chan 3] EOF received (3)
DEB [20230503-16:15:03.824] thr=2   paramiko.transport: [chan 3] EOF sent (3)
DEB [20230503-16:15:03.825] thr=2   paramiko.transport: [chan 4] Max packet in: 32768 bytes
DEB [20230503-16:15:03.872] thr=1   paramiko.transport: [chan 4] Max packet out: 32768 bytes
DEB [20230503-16:15:03.872] thr=1   paramiko.transport: Secsh channel 4 opened.
DEB [20230503-16:15:03.879] thr=1   paramiko.transport: [chan 4] Sesch channel 4 request ok
DEB [20230503-16:15:03.952] thr=1   paramiko.transport: [chan 4] EOF received (4)
DEB [20230503-16:15:03.952] thr=2   paramiko.transport.sftp: [chan 0] remove(b'/home/users/gobncasaggregatebmetadata.py')
DEB [20230503-16:15:03.954] thr=1   paramiko.transport: [chan 4] EOF sent (4)
DEB [20230503-16:15:23.288] thr=1   paramiko.transport: starting thread (client mode): 0xa5ac2b20
DEB [20230503-16:15:23.288] thr=1   paramiko.transport: Local version/idstring: SSH-2.0-paramiko_2.10.3
DEB [20230503-16:15:23.318] thr=1   paramiko.transport: Remote version/idstring: SSH-2.0-OpenSSH_7.4
INF [20230503-16:15:23.318] thr=1   paramiko.transport: Connected (version 2.0, client OpenSSH_7.4)
DEB [20230503-16:15:23.324] thr=1   paramiko.transport: === Key exchange possibilities ===
DEB [20230503-16:15:23.324] thr=1   paramiko.transport: kex algos: curve25519-sha256, curve25519-sha256@libssh.org, ecdh-sha2-nistp256, ecdh-sha2-nistp384, ecdh-sha2-nistp521, diffie-hellman-group-exchange-sha256, diffie-hellman-group16-sha512, diffie-hellman-group18-sha512, diffie-hellman-group-exchange-sha1, diffie-hellman-group14-sha256, diffie-hellman-group14-sha1, diffie-hellman-group1-sha1
DEB [20230503-16:15:23.324] thr=1   paramiko.transport: server key: ssh-rsa, rsa-sha2-512, rsa-sha2-256, ecdsa-sha2-nistp256, ssh-ed25519
DEB [20230503-16:15:23.324] thr=1   paramiko.transport: client encrypt: aes256-ctr, aes192-ctr, aes128-ctr
DEB [20230503-16:15:23.324] thr=1   paramiko.transport: server encrypt: aes256-ctr, aes192-ctr, aes128-ctr
DEB [20230503-16:15:23.324] thr=1   paramiko.transport: client mac: umac-64-etm@openssh.com, umac-128-etm@openssh.com, hmac-sha2-256-etm@openssh.com, hmac-sha2-512-etm@openssh.com, hmac-sha1-etm@openssh.com, umac-64@openssh.com, umac-128@openssh.com, hmac-sha2-256, hmac-sha2-512, hmac-sha1
DEB [20230503-16:15:23.324] thr=1   paramiko.transport: server mac: umac-64-etm@openssh.com, umac-128-etm@openssh.com, hmac-sha2-256-etm@openssh.com, hmac-sha2-512-etm@openssh.com, hmac-sha1-etm@openssh.com, umac-64@openssh.com, umac-128@openssh.com, hmac-sha2-256, hmac-sha2-512, hmac-sha1
DEB [20230503-16:15:23.324] thr=1   paramiko.transport: client compress: none, zlib@openssh.com
DEB [20230503-16:15:23.324] thr=1   paramiko.transport: server compress: none, zlib@openssh.com
DEB [20230503-16:15:23.324] thr=1   paramiko.transport: client lang: <none>
DEB [20230503-16:15:23.324] thr=1   paramiko.transport: server lang: <none>
DEB [20230503-16:15:23.324] thr=1   paramiko.transport: kex follows: False
DEB [20230503-16:15:23.324] thr=1   paramiko.transport: === Key exchange agreements ===
DEB [20230503-16:15:23.324] thr=1   paramiko.transport: Kex: curve25519-sha256@libssh.org
DEB [20230503-16:15:23.324] thr=1   paramiko.transport: HostKey: ecdsa-sha2-nistp256
DEB [20230503-16:15:23.324] thr=1   paramiko.transport: Cipher: aes128-ctr
DEB [20230503-16:15:23.324] thr=1   paramiko.transport: MAC: hmac-sha2-256
DEB [20230503-16:15:23.324] thr=1   paramiko.transport: Compression: none
DEB [20230503-16:15:23.325] thr=1   paramiko.transport: === End of kex handshake ===
DEB [20230503-16:15:23.379] thr=1   paramiko.transport: kex engine KexCurve25519 specified hash_algo <built-in function openssl_sha256>
DEB [20230503-16:15:23.380] thr=1   paramiko.transport: Switch to new keys ...
DEB [20230503-16:15:23.381] thr=1   paramiko.transport: Got EXT_INFO: {'server-sig-algs': b'rsa-sha2-256,rsa-sha2-512'}
DEB [20230503-16:15:23.383] thr=2   paramiko.transport: Trying SSH agent key b'6a0b7b17170f6c0059fe0294ac2d5de7'
DEB [20230503-16:15:23.428] thr=1   paramiko.transport: userauth is OK
DEB [20230503-16:15:23.428] thr=1   paramiko.transport: Finalizing pubkey algorithm for key of type 'ssh-rsa'
DEB [20230503-16:15:23.428] thr=1   paramiko.transport: Our pubkey algorithm list: ['rsa-sha2-512', 'rsa-sha2-256', 'ssh-rsa']
DEB [20230503-16:15:23.429] thr=1   paramiko.transport: Server-side algorithm list: ['rsa-sha2-256', 'rsa-sha2-512']
DEB [20230503-16:15:23.429] thr=1   paramiko.transport: Agreed upon 'rsa-sha2-512' pubkey algorithm
INF [20230503-16:15:23.448] thr=1   paramiko.transport: Auth banner: b'\n            Access to this system is monitored and restricted to\n            authorised users.   If you do not have authorisation\n            to use  this system,  you should not  proceed beyond\n            this point and should disconnect immediately.\n\n            Unauthorised use could lead to prosecution.\n\n    (See also - http://www.stfc.ac.uk/aup)\n\n'
INF [20230503-16:15:23.449] thr=1   paramiko.transport: Authentication (publickey) successful!
DEB [20230503-16:15:23.450] thr=2   paramiko.transport: [chan 0] Max packet in: 32768 bytes
DEB [20230503-16:15:23.467] thr=1   paramiko.transport: Received global request "hostkeys-00@openssh.com"
DEB [20230503-16:15:23.468] thr=1   paramiko.transport: Rejecting "hostkeys-00@openssh.com" global request from server.
DEB [20230503-16:15:23.512] thr=1   paramiko.transport: [chan 0] Max packet out: 32768 bytes
DEB [20230503-16:15:23.512] thr=1   paramiko.transport: Secsh channel 0 opened.
DEB [20230503-16:15:23.519] thr=1   paramiko.transport: [chan 0] Sesch channel 0 request ok
INF [20230503-16:15:23.576] thr=2   paramiko.transport.sftp: [chan 0] Opened sftp connection (server version 3)
DEB [20230503-16:15:23.577] thr=2   paramiko.transport: [chan 1] Max packet in: 32768 bytes
DEB [20230503-16:15:23.581] thr=1   paramiko.transport: [chan 1] Max packet out: 32768 bytes
DEB [20230503-16:15:23.581] thr=1   paramiko.transport: Secsh channel 1 opened.
DEB [20230503-16:15:23.589] thr=1   paramiko.transport: [chan 1] Sesch channel 1 request ok
DEB [20230503-16:15:23.589] thr=2   paramiko.transport: [chan 1] EOF sent (1)
DEB [20230503-16:15:23.590] thr=2   paramiko.transport: [chan 2] Max packet in: 32768 bytes
DEB [20230503-16:15:23.633] thr=1   paramiko.transport: [chan 1] EOF received (1)
DEB [20230503-16:15:23.636] thr=1   paramiko.transport: [chan 2] Max packet out: 32768 bytes
DEB [20230503-16:15:23.636] thr=1   paramiko.transport: Secsh channel 2 opened.
DEB [20230503-16:15:23.685] thr=1   paramiko.transport: [chan 2] Sesch channel 2 request ok
DEB [20230503-16:15:23.731] thr=1   paramiko.transport: [chan 2] EOF received (2)
DEB [20230503-16:15:23.731] thr=1   paramiko.transport: [chan 2] EOF sent (2)
DEB [20230503-16:15:23.733] thr=2   paramiko.transport: [chan 3] Max packet in: 32768 bytes
DEB [20230503-16:15:23.781] thr=1   paramiko.transport: [chan 3] Max packet out: 32768 bytes
DEB [20230503-16:15:23.782] thr=1   paramiko.transport: Secsh channel 3 opened.
DEB [20230503-16:15:23.789] thr=1   paramiko.transport: [chan 3] Sesch channel 3 request ok
DEB [20230503-16:15:23.872] thr=1   paramiko.transport: [chan 3] EOF received (3)
DEB [20230503-16:15:23.873] thr=2   paramiko.transport: [chan 3] EOF sent (3)
DEB [20230503-16:15:23.874] thr=2   paramiko.transport: [chan 4] Max packet in: 32768 bytes
DEB [20230503-16:15:23.921] thr=1   paramiko.transport: [chan 4] Max packet out: 32768 bytes
DEB [20230503-16:15:23.921] thr=1   paramiko.transport: Secsh channel 4 opened.
DEB [20230503-16:15:23.932] thr=1   paramiko.transport: [chan 4] Sesch channel 4 request ok
DEB [20230503-16:15:24.003] thr=1   paramiko.transport: [chan 4] EOF received (4)
DEB [20230503-16:15:24.004] thr=2   paramiko.transport.sftp: [chan 0] remove(b'/home/users/gobncas/aggregatebmetadata.py')
DEB [20230503-16:15:24.005] thr=1   paramiko.transport: [chan 4] EOF sent (4)
DEB [20230503-16:17:48.619] thr=1   paramiko.transport: starting thread (client mode): 0x6f6b7af0
DEB [20230503-16:17:48.619] thr=1   paramiko.transport: Local version/idstring: SSH-2.0-paramiko_2.10.3
DEB [20230503-16:17:48.637] thr=1   paramiko.transport: Remote version/idstring: SSH-2.0-OpenSSH_7.4
INF [20230503-16:17:48.638] thr=1   paramiko.transport: Connected (version 2.0, client OpenSSH_7.4)
DEB [20230503-16:17:48.641] thr=1   paramiko.transport: === Key exchange possibilities ===
DEB [20230503-16:17:48.641] thr=1   paramiko.transport: kex algos: curve25519-sha256, curve25519-sha256@libssh.org, ecdh-sha2-nistp256, ecdh-sha2-nistp384, ecdh-sha2-nistp521, diffie-hellman-group-exchange-sha256, diffie-hellman-group16-sha512, diffie-hellman-group18-sha512, diffie-hellman-group-exchange-sha1, diffie-hellman-group14-sha256, diffie-hellman-group14-sha1, diffie-hellman-group1-sha1
DEB [20230503-16:17:48.641] thr=1   paramiko.transport: server key: ssh-rsa, rsa-sha2-512, rsa-sha2-256, ecdsa-sha2-nistp256, ssh-ed25519
DEB [20230503-16:17:48.641] thr=1   paramiko.transport: client encrypt: aes256-ctr, aes192-ctr, aes128-ctr
DEB [20230503-16:17:48.641] thr=1   paramiko.transport: server encrypt: aes256-ctr, aes192-ctr, aes128-ctr
DEB [20230503-16:17:48.642] thr=1   paramiko.transport: client mac: umac-64-etm@openssh.com, umac-128-etm@openssh.com, hmac-sha2-256-etm@openssh.com, hmac-sha2-512-etm@openssh.com, hmac-sha1-etm@openssh.com, umac-64@openssh.com, umac-128@openssh.com, hmac-sha2-256, hmac-sha2-512, hmac-sha1
DEB [20230503-16:17:48.642] thr=1   paramiko.transport: server mac: umac-64-etm@openssh.com, umac-128-etm@openssh.com, hmac-sha2-256-etm@openssh.com, hmac-sha2-512-etm@openssh.com, hmac-sha1-etm@openssh.com, umac-64@openssh.com, umac-128@openssh.com, hmac-sha2-256, hmac-sha2-512, hmac-sha1
DEB [20230503-16:17:48.642] thr=1   paramiko.transport: client compress: none, zlib@openssh.com
DEB [20230503-16:17:48.642] thr=1   paramiko.transport: server compress: none, zlib@openssh.com
DEB [20230503-16:17:48.642] thr=1   paramiko.transport: client lang: <none>
DEB [20230503-16:17:48.642] thr=1   paramiko.transport: server lang: <none>
DEB [20230503-16:17:48.642] thr=1   paramiko.transport: kex follows: False
DEB [20230503-16:17:48.642] thr=1   paramiko.transport: === Key exchange agreements ===
DEB [20230503-16:17:48.642] thr=1   paramiko.transport: Kex: curve25519-sha256@libssh.org
DEB [20230503-16:17:48.642] thr=1   paramiko.transport: HostKey: ecdsa-sha2-nistp256
DEB [20230503-16:17:48.643] thr=1   paramiko.transport: Cipher: aes128-ctr
DEB [20230503-16:17:48.643] thr=1   paramiko.transport: MAC: hmac-sha2-256
DEB [20230503-16:17:48.643] thr=1   paramiko.transport: Compression: none
DEB [20230503-16:17:48.643] thr=1   paramiko.transport: === End of kex handshake ===
DEB [20230503-16:17:48.710] thr=1   paramiko.transport: kex engine KexCurve25519 specified hash_algo <built-in function openssl_sha256>
DEB [20230503-16:17:48.712] thr=1   paramiko.transport: Switch to new keys ...
DEB [20230503-16:17:48.713] thr=1   paramiko.transport: Got EXT_INFO: {'server-sig-algs': b'rsa-sha2-256,rsa-sha2-512'}
DEB [20230503-16:17:48.715] thr=2   paramiko.transport: Trying SSH agent key b'6a0b7b17170f6c0059fe0294ac2d5de7'
DEB [20230503-16:17:48.758] thr=1   paramiko.transport: userauth is OK
DEB [20230503-16:17:48.758] thr=1   paramiko.transport: Finalizing pubkey algorithm for key of type 'ssh-rsa'
DEB [20230503-16:17:48.758] thr=1   paramiko.transport: Our pubkey algorithm list: ['rsa-sha2-512', 'rsa-sha2-256', 'ssh-rsa']
DEB [20230503-16:17:48.759] thr=1   paramiko.transport: Server-side algorithm list: ['rsa-sha2-256', 'rsa-sha2-512']
DEB [20230503-16:17:48.759] thr=1   paramiko.transport: Agreed upon 'rsa-sha2-512' pubkey algorithm
INF [20230503-16:17:48.785] thr=1   paramiko.transport: Auth banner: b'\n            Access to this system is monitored and restricted to\n            authorised users.   If you do not have authorisation\n            to use  this system,  you should not  proceed beyond\n            this point and should disconnect immediately.\n\n            Unauthorised use could lead to prosecution.\n\n    (See also - http://www.stfc.ac.uk/aup)\n\n'
INF [20230503-16:17:48.785] thr=1   paramiko.transport: Authentication (publickey) successful!
DEB [20230503-16:17:48.786] thr=2   paramiko.transport: [chan 0] Max packet in: 32768 bytes
DEB [20230503-16:17:48.803] thr=1   paramiko.transport: Received global request "hostkeys-00@openssh.com"
DEB [20230503-16:17:48.803] thr=1   paramiko.transport: Rejecting "hostkeys-00@openssh.com" global request from server.
DEB [20230503-16:17:48.847] thr=1   paramiko.transport: [chan 0] Max packet out: 32768 bytes
DEB [20230503-16:17:48.847] thr=1   paramiko.transport: Secsh channel 0 opened.
DEB [20230503-16:17:48.854] thr=1   paramiko.transport: [chan 0] Sesch channel 0 request ok
INF [20230503-16:17:48.907] thr=2   paramiko.transport.sftp: [chan 0] Opened sftp connection (server version 3)
DEB [20230503-16:17:48.908] thr=2   paramiko.transport: [chan 1] Max packet in: 32768 bytes
DEB [20230503-16:17:48.913] thr=1   paramiko.transport: [chan 1] Max packet out: 32768 bytes
DEB [20230503-16:17:48.913] thr=1   paramiko.transport: Secsh channel 1 opened.
DEB [20230503-16:17:48.922] thr=1   paramiko.transport: [chan 1] Sesch channel 1 request ok
DEB [20230503-16:17:48.923] thr=2   paramiko.transport: [chan 1] EOF sent (1)
DEB [20230503-16:17:48.924] thr=2   paramiko.transport: [chan 2] Max packet in: 32768 bytes
DEB [20230503-16:17:48.971] thr=1   paramiko.transport: [chan 2] Max packet out: 32768 bytes
DEB [20230503-16:17:48.971] thr=1   paramiko.transport: Secsh channel 2 opened.
DEB [20230503-16:17:48.973] thr=1   paramiko.transport: [chan 1] EOF received (1)
DEB [20230503-16:17:48.979] thr=1   paramiko.transport: [chan 2] Sesch channel 2 request ok
DEB [20230503-16:17:49.027] thr=1   paramiko.transport: [chan 2] EOF received (2)
DEB [20230503-16:17:49.028] thr=1   paramiko.transport: [chan 2] EOF sent (2)
DEB [20230503-16:17:49.029] thr=2   paramiko.transport: [chan 3] Max packet in: 32768 bytes
DEB [20230503-16:17:49.036] thr=1   paramiko.transport: [chan 3] Max packet out: 32768 bytes
DEB [20230503-16:17:49.036] thr=1   paramiko.transport: Secsh channel 3 opened.
DEB [20230503-16:17:49.043] thr=1   paramiko.transport: [chan 3] Sesch channel 3 request ok
DEB [20230503-16:17:49.128] thr=1   paramiko.transport: [chan 3] EOF received (3)
DEB [20230503-16:17:49.129] thr=2   paramiko.transport: [chan 3] EOF sent (3)
DEB [20230503-16:17:49.130] thr=2   paramiko.transport: [chan 4] Max packet in: 32768 bytes
DEB [20230503-16:17:49.177] thr=1   paramiko.transport: [chan 4] Max packet out: 32768 bytes
DEB [20230503-16:17:49.178] thr=1   paramiko.transport: Secsh channel 4 opened.
DEB [20230503-16:17:49.185] thr=1   paramiko.transport: [chan 4] Sesch channel 4 request ok
DEB [20230503-16:17:49.257] thr=1   paramiko.transport: [chan 4] EOF received (4)
DEB [20230503-16:17:49.257] thr=2   paramiko.transport.sftp: [chan 0] remove(b'/home/users/gobncas/aggregatebmetadata.py')
DEB [20230503-16:17:49.259] thr=1   paramiko.transport: [chan 4] EOF sent (4)
DEB [20230504-11:30:07.899] thr=1   paramiko.transport: starting thread (client mode): 0x9b0d9940
DEB [20230504-11:30:07.900] thr=1   paramiko.transport: Local version/idstring: SSH-2.0-paramiko_2.10.3
DEB [20230504-11:30:07.912] thr=1   paramiko.transport: Remote version/idstring: SSH-2.0-OpenSSH_7.4
INF [20230504-11:30:07.913] thr=1   paramiko.transport: Connected (version 2.0, client OpenSSH_7.4)
DEB [20230504-11:30:07.916] thr=1   paramiko.transport: === Key exchange possibilities ===
DEB [20230504-11:30:07.916] thr=1   paramiko.transport: kex algos: curve25519-sha256, curve25519-sha256@libssh.org, ecdh-sha2-nistp256, ecdh-sha2-nistp384, ecdh-sha2-nistp521, diffie-hellman-group-exchange-sha256, diffie-hellman-group16-sha512, diffie-hellman-group18-sha512, diffie-hellman-group-exchange-sha1, diffie-hellman-group14-sha256, diffie-hellman-group14-sha1, diffie-hellman-group1-sha1
DEB [20230504-11:30:07.916] thr=1   paramiko.transport: server key: ssh-rsa, rsa-sha2-512, rsa-sha2-256, ecdsa-sha2-nistp256, ssh-ed25519
DEB [20230504-11:30:07.916] thr=1   paramiko.transport: client encrypt: aes256-ctr, aes192-ctr, aes128-ctr
DEB [20230504-11:30:07.916] thr=1   paramiko.transport: server encrypt: aes256-ctr, aes192-ctr, aes128-ctr
DEB [20230504-11:30:07.916] thr=1   paramiko.transport: client mac: umac-64-etm@openssh.com, umac-128-etm@openssh.com, hmac-sha2-256-etm@openssh.com, hmac-sha2-512-etm@openssh.com, hmac-sha1-etm@openssh.com, umac-64@openssh.com, umac-128@openssh.com, hmac-sha2-256, hmac-sha2-512, hmac-sha1
DEB [20230504-11:30:07.916] thr=1   paramiko.transport: server mac: umac-64-etm@openssh.com, umac-128-etm@openssh.com, hmac-sha2-256-etm@openssh.com, hmac-sha2-512-etm@openssh.com, hmac-sha1-etm@openssh.com, umac-64@openssh.com, umac-128@openssh.com, hmac-sha2-256, hmac-sha2-512, hmac-sha1
DEB [20230504-11:30:07.916] thr=1   paramiko.transport: client compress: none, zlib@openssh.com
DEB [20230504-11:30:07.917] thr=1   paramiko.transport: server compress: none, zlib@openssh.com
DEB [20230504-11:30:07.917] thr=1   paramiko.transport: client lang: <none>
DEB [20230504-11:30:07.917] thr=1   paramiko.transport: server lang: <none>
DEB [20230504-11:30:07.917] thr=1   paramiko.transport: kex follows: False
DEB [20230504-11:30:07.917] thr=1   paramiko.transport: === Key exchange agreements ===
DEB [20230504-11:30:07.917] thr=1   paramiko.transport: Kex: curve25519-sha256@libssh.org
DEB [20230504-11:30:07.917] thr=1   paramiko.transport: HostKey: ecdsa-sha2-nistp256
DEB [20230504-11:30:07.917] thr=1   paramiko.transport: Cipher: aes128-ctr
DEB [20230504-11:30:07.917] thr=1   paramiko.transport: MAC: hmac-sha2-256
DEB [20230504-11:30:07.917] thr=1   paramiko.transport: Compression: none
DEB [20230504-11:30:07.917] thr=1   paramiko.transport: === End of kex handshake ===
DEB [20230504-11:30:07.968] thr=1   paramiko.transport: kex engine KexCurve25519 specified hash_algo <built-in function openssl_sha256>
DEB [20230504-11:30:07.970] thr=1   paramiko.transport: Switch to new keys ...
DEB [20230504-11:30:07.973] thr=1   paramiko.transport: Got EXT_INFO: {'server-sig-algs': b'rsa-sha2-256,rsa-sha2-512'}
DEB [20230504-11:30:07.975] thr=2   paramiko.transport: Trying SSH agent key b'6a0b7b17170f6c0059fe0294ac2d5de7'
DEB [20230504-11:30:08.015] thr=1   paramiko.transport: userauth is OK
DEB [20230504-11:30:08.016] thr=1   paramiko.transport: Finalizing pubkey algorithm for key of type 'ssh-rsa'
DEB [20230504-11:30:08.016] thr=1   paramiko.transport: Our pubkey algorithm list: ['rsa-sha2-512', 'rsa-sha2-256', 'ssh-rsa']
DEB [20230504-11:30:08.016] thr=1   paramiko.transport: Server-side algorithm list: ['rsa-sha2-256', 'rsa-sha2-512']
DEB [20230504-11:30:08.016] thr=1   paramiko.transport: Agreed upon 'rsa-sha2-512' pubkey algorithm
INF [20230504-11:30:08.029] thr=1   paramiko.transport: Auth banner: b'\n            Access to this system is monitored and restricted to\n            authorised users.   If you do not have authorisation\n            to use  this system,  you should not  proceed beyond\n            this point and should disconnect immediately.\n\n            Unauthorised use could lead to prosecution.\n\n    (See also - http://www.stfc.ac.uk/aup)\n\n'
INF [20230504-11:30:08.030] thr=1   paramiko.transport: Authentication (publickey) successful!
DEB [20230504-11:30:08.030] thr=2   paramiko.transport: [chan 0] Max packet in: 32768 bytes
DEB [20230504-11:30:08.042] thr=1   paramiko.transport: Received global request "hostkeys-00@openssh.com"
DEB [20230504-11:30:08.043] thr=1   paramiko.transport: Rejecting "hostkeys-00@openssh.com" global request from server.
DEB [20230504-11:30:08.088] thr=1   paramiko.transport: [chan 0] Max packet out: 32768 bytes
DEB [20230504-11:30:08.089] thr=1   paramiko.transport: Secsh channel 0 opened.
DEB [20230504-11:30:08.095] thr=1   paramiko.transport: [chan 0] Sesch channel 0 request ok
INF [20230504-11:30:08.130] thr=2   paramiko.transport.sftp: [chan 0] Opened sftp connection (server version 3)
DEB [20230504-11:30:38.307] thr=1   paramiko.transport: starting thread (client mode): 0x462168b0
DEB [20230504-11:30:38.307] thr=1   paramiko.transport: Local version/idstring: SSH-2.0-paramiko_2.10.3
DEB [20230504-11:30:38.322] thr=1   paramiko.transport: Remote version/idstring: SSH-2.0-OpenSSH_7.4
INF [20230504-11:30:38.322] thr=1   paramiko.transport: Connected (version 2.0, client OpenSSH_7.4)
DEB [20230504-11:30:38.325] thr=1   paramiko.transport: === Key exchange possibilities ===
DEB [20230504-11:30:38.326] thr=1   paramiko.transport: kex algos: curve25519-sha256, curve25519-sha256@libssh.org, ecdh-sha2-nistp256, ecdh-sha2-nistp384, ecdh-sha2-nistp521, diffie-hellman-group-exchange-sha256, diffie-hellman-group16-sha512, diffie-hellman-group18-sha512, diffie-hellman-group-exchange-sha1, diffie-hellman-group14-sha256, diffie-hellman-group14-sha1, diffie-hellman-group1-sha1
DEB [20230504-11:30:38.326] thr=1   paramiko.transport: server key: ssh-rsa, rsa-sha2-512, rsa-sha2-256, ecdsa-sha2-nistp256, ssh-ed25519
DEB [20230504-11:30:38.326] thr=1   paramiko.transport: client encrypt: aes256-ctr, aes192-ctr, aes128-ctr
DEB [20230504-11:30:38.326] thr=1   paramiko.transport: server encrypt: aes256-ctr, aes192-ctr, aes128-ctr
DEB [20230504-11:30:38.326] thr=1   paramiko.transport: client mac: umac-64-etm@openssh.com, umac-128-etm@openssh.com, hmac-sha2-256-etm@openssh.com, hmac-sha2-512-etm@openssh.com, hmac-sha1-etm@openssh.com, umac-64@openssh.com, umac-128@openssh.com, hmac-sha2-256, hmac-sha2-512, hmac-sha1
DEB [20230504-11:30:38.326] thr=1   paramiko.transport: server mac: umac-64-etm@openssh.com, umac-128-etm@openssh.com, hmac-sha2-256-etm@openssh.com, hmac-sha2-512-etm@openssh.com, hmac-sha1-etm@openssh.com, umac-64@openssh.com, umac-128@openssh.com, hmac-sha2-256, hmac-sha2-512, hmac-sha1
DEB [20230504-11:30:38.326] thr=1   paramiko.transport: client compress: none, zlib@openssh.com
DEB [20230504-11:30:38.326] thr=1   paramiko.transport: server compress: none, zlib@openssh.com
DEB [20230504-11:30:38.326] thr=1   paramiko.transport: client lang: <none>
DEB [20230504-11:30:38.326] thr=1   paramiko.transport: server lang: <none>
DEB [20230504-11:30:38.326] thr=1   paramiko.transport: kex follows: False
DEB [20230504-11:30:38.326] thr=1   paramiko.transport: === Key exchange agreements ===
DEB [20230504-11:30:38.326] thr=1   paramiko.transport: Kex: curve25519-sha256@libssh.org
DEB [20230504-11:30:38.326] thr=1   paramiko.transport: HostKey: ecdsa-sha2-nistp256
DEB [20230504-11:30:38.326] thr=1   paramiko.transport: Cipher: aes128-ctr
DEB [20230504-11:30:38.327] thr=1   paramiko.transport: MAC: hmac-sha2-256
DEB [20230504-11:30:38.327] thr=1   paramiko.transport: Compression: none
DEB [20230504-11:30:38.327] thr=1   paramiko.transport: === End of kex handshake ===
DEB [20230504-11:30:38.379] thr=1   paramiko.transport: kex engine KexCurve25519 specified hash_algo <built-in function openssl_sha256>
DEB [20230504-11:30:38.380] thr=1   paramiko.transport: Switch to new keys ...
DEB [20230504-11:30:38.384] thr=1   paramiko.transport: Got EXT_INFO: {'server-sig-algs': b'rsa-sha2-256,rsa-sha2-512'}
DEB [20230504-11:30:38.384] thr=2   paramiko.transport: Trying SSH agent key b'6a0b7b17170f6c0059fe0294ac2d5de7'
DEB [20230504-11:30:38.426] thr=1   paramiko.transport: userauth is OK
DEB [20230504-11:30:38.427] thr=1   paramiko.transport: Finalizing pubkey algorithm for key of type 'ssh-rsa'
DEB [20230504-11:30:38.427] thr=1   paramiko.transport: Our pubkey algorithm list: ['rsa-sha2-512', 'rsa-sha2-256', 'ssh-rsa']
DEB [20230504-11:30:38.427] thr=1   paramiko.transport: Server-side algorithm list: ['rsa-sha2-256', 'rsa-sha2-512']
DEB [20230504-11:30:38.427] thr=1   paramiko.transport: Agreed upon 'rsa-sha2-512' pubkey algorithm
INF [20230504-11:30:38.445] thr=1   paramiko.transport: Auth banner: b'\n            Access to this system is monitored and restricted to\n            authorised users.   If you do not have authorisation\n            to use  this system,  you should not  proceed beyond\n            this point and should disconnect immediately.\n\n            Unauthorised use could lead to prosecution.\n\n    (See also - http://www.stfc.ac.uk/aup)\n\n'
INF [20230504-11:30:38.447] thr=1   paramiko.transport: Authentication (publickey) successful!
DEB [20230504-11:30:38.449] thr=2   paramiko.transport: [chan 0] Max packet in: 32768 bytes
DEB [20230504-11:30:38.456] thr=1   paramiko.transport: Received global request "hostkeys-00@openssh.com"
DEB [20230504-11:30:38.456] thr=1   paramiko.transport: Rejecting "hostkeys-00@openssh.com" global request from server.
DEB [20230504-11:30:38.508] thr=1   paramiko.transport: [chan 0] Max packet out: 32768 bytes
DEB [20230504-11:30:38.509] thr=1   paramiko.transport: Secsh channel 0 opened.
DEB [20230504-11:30:38.515] thr=1   paramiko.transport: [chan 0] Sesch channel 0 request ok
INF [20230504-11:30:38.549] thr=2   paramiko.transport.sftp: [chan 0] Opened sftp connection (server version 3)
DEB [20230504-11:30:48.445] thr=1   paramiko.transport: starting thread (client mode): 0xba23cdf0
DEB [20230504-11:30:48.446] thr=1   paramiko.transport: Local version/idstring: SSH-2.0-paramiko_2.10.3
DEB [20230504-11:30:48.458] thr=1   paramiko.transport: Remote version/idstring: SSH-2.0-OpenSSH_7.4
INF [20230504-11:30:48.458] thr=1   paramiko.transport: Connected (version 2.0, client OpenSSH_7.4)
DEB [20230504-11:30:48.461] thr=1   paramiko.transport: === Key exchange possibilities ===
DEB [20230504-11:30:48.461] thr=1   paramiko.transport: kex algos: curve25519-sha256, curve25519-sha256@libssh.org, ecdh-sha2-nistp256, ecdh-sha2-nistp384, ecdh-sha2-nistp521, diffie-hellman-group-exchange-sha256, diffie-hellman-group16-sha512, diffie-hellman-group18-sha512, diffie-hellman-group-exchange-sha1, diffie-hellman-group14-sha256, diffie-hellman-group14-sha1, diffie-hellman-group1-sha1
DEB [20230504-11:30:48.462] thr=1   paramiko.transport: server key: ssh-rsa, rsa-sha2-512, rsa-sha2-256, ecdsa-sha2-nistp256, ssh-ed25519
DEB [20230504-11:30:48.462] thr=1   paramiko.transport: client encrypt: aes256-ctr, aes192-ctr, aes128-ctr
DEB [20230504-11:30:48.462] thr=1   paramiko.transport: server encrypt: aes256-ctr, aes192-ctr, aes128-ctr
DEB [20230504-11:30:48.462] thr=1   paramiko.transport: client mac: umac-64-etm@openssh.com, umac-128-etm@openssh.com, hmac-sha2-256-etm@openssh.com, hmac-sha2-512-etm@openssh.com, hmac-sha1-etm@openssh.com, umac-64@openssh.com, umac-128@openssh.com, hmac-sha2-256, hmac-sha2-512, hmac-sha1
DEB [20230504-11:30:48.462] thr=1   paramiko.transport: server mac: umac-64-etm@openssh.com, umac-128-etm@openssh.com, hmac-sha2-256-etm@openssh.com, hmac-sha2-512-etm@openssh.com, hmac-sha1-etm@openssh.com, umac-64@openssh.com, umac-128@openssh.com, hmac-sha2-256, hmac-sha2-512, hmac-sha1
DEB [20230504-11:30:48.462] thr=1   paramiko.transport: client compress: none, zlib@openssh.com
DEB [20230504-11:30:48.462] thr=1   paramiko.transport: server compress: none, zlib@openssh.com
DEB [20230504-11:30:48.462] thr=1   paramiko.transport: client lang: <none>
DEB [20230504-11:30:48.462] thr=1   paramiko.transport: server lang: <none>
DEB [20230504-11:30:48.462] thr=1   paramiko.transport: kex follows: False
DEB [20230504-11:30:48.462] thr=1   paramiko.transport: === Key exchange agreements ===
DEB [20230504-11:30:48.462] thr=1   paramiko.transport: Kex: curve25519-sha256@libssh.org
DEB [20230504-11:30:48.462] thr=1   paramiko.transport: HostKey: ecdsa-sha2-nistp256
DEB [20230504-11:30:48.462] thr=1   paramiko.transport: Cipher: aes128-ctr
DEB [20230504-11:30:48.462] thr=1   paramiko.transport: MAC: hmac-sha2-256
DEB [20230504-11:30:48.462] thr=1   paramiko.transport: Compression: none
DEB [20230504-11:30:48.462] thr=1   paramiko.transport: === End of kex handshake ===
DEB [20230504-11:30:48.515] thr=1   paramiko.transport: kex engine KexCurve25519 specified hash_algo <built-in function openssl_sha256>
DEB [20230504-11:30:48.516] thr=1   paramiko.transport: Switch to new keys ...
DEB [20230504-11:30:48.518] thr=1   paramiko.transport: Got EXT_INFO: {'server-sig-algs': b'rsa-sha2-256,rsa-sha2-512'}
DEB [20230504-11:30:48.521] thr=2   paramiko.transport: Trying SSH agent key b'6a0b7b17170f6c0059fe0294ac2d5de7'
DEB [20230504-11:30:48.562] thr=1   paramiko.transport: userauth is OK
DEB [20230504-11:30:48.562] thr=1   paramiko.transport: Finalizing pubkey algorithm for key of type 'ssh-rsa'
DEB [20230504-11:30:48.562] thr=1   paramiko.transport: Our pubkey algorithm list: ['rsa-sha2-512', 'rsa-sha2-256', 'ssh-rsa']
DEB [20230504-11:30:48.563] thr=1   paramiko.transport: Server-side algorithm list: ['rsa-sha2-256', 'rsa-sha2-512']
DEB [20230504-11:30:48.565] thr=1   paramiko.transport: Agreed upon 'rsa-sha2-512' pubkey algorithm
INF [20230504-11:30:48.582] thr=1   paramiko.transport: Auth banner: b'\n            Access to this system is monitored and restricted to\n            authorised users.   If you do not have authorisation\n            to use  this system,  you should not  proceed beyond\n            this point and should disconnect immediately.\n\n            Unauthorised use could lead to prosecution.\n\n    (See also - http://www.stfc.ac.uk/aup)\n\n'
INF [20230504-11:30:48.585] thr=1   paramiko.transport: Authentication (publickey) successful!
DEB [20230504-11:30:48.586] thr=2   paramiko.transport: [chan 0] Max packet in: 32768 bytes
DEB [20230504-11:30:48.594] thr=1   paramiko.transport: Received global request "hostkeys-00@openssh.com"
DEB [20230504-11:30:48.594] thr=1   paramiko.transport: Rejecting "hostkeys-00@openssh.com" global request from server.
DEB [20230504-11:30:48.643] thr=1   paramiko.transport: [chan 0] Max packet out: 32768 bytes
DEB [20230504-11:30:48.644] thr=1   paramiko.transport: Secsh channel 0 opened.
DEB [20230504-11:30:48.651] thr=1   paramiko.transport: [chan 0] Sesch channel 0 request ok
INF [20230504-11:30:48.684] thr=2   paramiko.transport.sftp: [chan 0] Opened sftp connection (server version 3)
DEB [20230504-11:30:48.684] thr=2   paramiko.transport.sftp: [chan 0] open(b'/home/users/gobncas/', 'wb')
DEB [20230504-11:30:48.690] thr=2   paramiko.transport: [chan 1] Max packet in: 32768 bytes
DEB [20230504-11:30:48.696] thr=1   paramiko.transport: [chan 1] Max packet out: 32768 bytes
DEB [20230504-11:30:48.696] thr=1   paramiko.transport: Secsh channel 1 opened.
DEB [20230504-11:30:48.705] thr=1   paramiko.transport: [chan 1] Sesch channel 1 request ok
DEB [20230504-11:30:48.707] thr=2   paramiko.transport: [chan 1] EOF sent (1)
DEB [20230504-11:30:48.709] thr=2   paramiko.transport: [chan 2] Max packet in: 32768 bytes
DEB [20230504-11:30:48.736] thr=1   paramiko.transport: [chan 1] EOF received (1)
DEB [20230504-11:30:48.739] thr=1   paramiko.transport: [chan 2] Max packet out: 32768 bytes
DEB [20230504-11:30:48.740] thr=1   paramiko.transport: Secsh channel 2 opened.
DEB [20230504-11:30:48.787] thr=1   paramiko.transport: [chan 2] Sesch channel 2 request ok
DEB [20230504-11:30:48.817] thr=1   paramiko.transport: [chan 2] EOF received (2)
DEB [20230504-11:30:48.818] thr=1   paramiko.transport: [chan 2] EOF sent (2)
DEB [20230504-11:30:48.819] thr=2   paramiko.transport: [chan 3] Max packet in: 32768 bytes
DEB [20230504-11:30:48.866] thr=1   paramiko.transport: [chan 3] Max packet out: 32768 bytes
DEB [20230504-11:30:48.866] thr=1   paramiko.transport: Secsh channel 3 opened.
DEB [20230504-11:30:48.873] thr=1   paramiko.transport: [chan 3] Sesch channel 3 request ok
DEB [20230504-11:30:48.928] thr=1   paramiko.transport: [chan 3] EOF received (3)
DEB [20230504-11:30:48.929] thr=1   paramiko.transport: [chan 3] EOF sent (3)
DEB [20230504-11:30:48.930] thr=2   paramiko.transport: [chan 4] Max packet in: 32768 bytes
DEB [20230504-11:30:48.977] thr=1   paramiko.transport: [chan 4] Max packet out: 32768 bytes
DEB [20230504-11:30:48.978] thr=1   paramiko.transport: Secsh channel 4 opened.
DEB [20230504-11:30:48.984] thr=1   paramiko.transport: [chan 4] Sesch channel 4 request ok
DEB [20230504-11:30:49.031] thr=1   paramiko.transport: [chan 4] EOF received (4)
DEB [20230504-11:30:49.031] thr=2   paramiko.transport.sftp: [chan 0] remove(b'scripts/aggregationscript.py')
DEB [20230504-11:30:49.033] thr=1   paramiko.transport: [chan 4] EOF sent (4)
DEB [20230504-11:35:51.538] thr=1   paramiko.transport: starting thread (client mode): 0x8bb89520
DEB [20230504-11:35:51.538] thr=1   paramiko.transport: Local version/idstring: SSH-2.0-paramiko_2.10.3
DEB [20230504-11:35:51.554] thr=1   paramiko.transport: Remote version/idstring: SSH-2.0-OpenSSH_7.4
INF [20230504-11:35:51.554] thr=1   paramiko.transport: Connected (version 2.0, client OpenSSH_7.4)
DEB [20230504-11:35:51.557] thr=1   paramiko.transport: === Key exchange possibilities ===
DEB [20230504-11:35:51.557] thr=1   paramiko.transport: kex algos: curve25519-sha256, curve25519-sha256@libssh.org, ecdh-sha2-nistp256, ecdh-sha2-nistp384, ecdh-sha2-nistp521, diffie-hellman-group-exchange-sha256, diffie-hellman-group16-sha512, diffie-hellman-group18-sha512, diffie-hellman-group-exchange-sha1, diffie-hellman-group14-sha256, diffie-hellman-group14-sha1, diffie-hellman-group1-sha1
DEB [20230504-11:35:51.557] thr=1   paramiko.transport: server key: ssh-rsa, rsa-sha2-512, rsa-sha2-256, ecdsa-sha2-nistp256, ssh-ed25519
DEB [20230504-11:35:51.557] thr=1   paramiko.transport: client encrypt: aes256-ctr, aes192-ctr, aes128-ctr
DEB [20230504-11:35:51.558] thr=1   paramiko.transport: server encrypt: aes256-ctr, aes192-ctr, aes128-ctr
DEB [20230504-11:35:51.558] thr=1   paramiko.transport: client mac: umac-64-etm@openssh.com, umac-128-etm@openssh.com, hmac-sha2-256-etm@openssh.com, hmac-sha2-512-etm@openssh.com, hmac-sha1-etm@openssh.com, umac-64@openssh.com, umac-128@openssh.com, hmac-sha2-256, hmac-sha2-512, hmac-sha1
DEB [20230504-11:35:51.558] thr=1   paramiko.transport: server mac: umac-64-etm@openssh.com, umac-128-etm@openssh.com, hmac-sha2-256-etm@openssh.com, hmac-sha2-512-etm@openssh.com, hmac-sha1-etm@openssh.com, umac-64@openssh.com, umac-128@openssh.com, hmac-sha2-256, hmac-sha2-512, hmac-sha1
DEB [20230504-11:35:51.558] thr=1   paramiko.transport: client compress: none, zlib@openssh.com
DEB [20230504-11:35:51.558] thr=1   paramiko.transport: server compress: none, zlib@openssh.com
DEB [20230504-11:35:51.558] thr=1   paramiko.transport: client lang: <none>
DEB [20230504-11:35:51.558] thr=1   paramiko.transport: server lang: <none>
DEB [20230504-11:35:51.558] thr=1   paramiko.transport: kex follows: False
DEB [20230504-11:35:51.558] thr=1   paramiko.transport: === Key exchange agreements ===
DEB [20230504-11:35:51.558] thr=1   paramiko.transport: Kex: curve25519-sha256@libssh.org
DEB [20230504-11:35:51.558] thr=1   paramiko.transport: HostKey: ecdsa-sha2-nistp256
DEB [20230504-11:35:51.559] thr=1   paramiko.transport: Cipher: aes128-ctr
DEB [20230504-11:35:51.559] thr=1   paramiko.transport: MAC: hmac-sha2-256
DEB [20230504-11:35:51.559] thr=1   paramiko.transport: Compression: none
DEB [20230504-11:35:51.559] thr=1   paramiko.transport: === End of kex handshake ===
DEB [20230504-11:35:51.609] thr=1   paramiko.transport: kex engine KexCurve25519 specified hash_algo <built-in function openssl_sha256>
DEB [20230504-11:35:51.611] thr=1   paramiko.transport: Switch to new keys ...
DEB [20230504-11:35:51.614] thr=1   paramiko.transport: Got EXT_INFO: {'server-sig-algs': b'rsa-sha2-256,rsa-sha2-512'}
DEB [20230504-11:35:51.615] thr=2   paramiko.transport: Trying SSH agent key b'6a0b7b17170f6c0059fe0294ac2d5de7'
DEB [20230504-11:35:51.657] thr=1   paramiko.transport: userauth is OK
DEB [20230504-11:35:51.657] thr=1   paramiko.transport: Finalizing pubkey algorithm for key of type 'ssh-rsa'
DEB [20230504-11:35:51.658] thr=1   paramiko.transport: Our pubkey algorithm list: ['rsa-sha2-512', 'rsa-sha2-256', 'ssh-rsa']
DEB [20230504-11:35:51.658] thr=1   paramiko.transport: Server-side algorithm list: ['rsa-sha2-256', 'rsa-sha2-512']
DEB [20230504-11:35:51.658] thr=1   paramiko.transport: Agreed upon 'rsa-sha2-512' pubkey algorithm
INF [20230504-11:35:51.678] thr=1   paramiko.transport: Auth banner: b'\n            Access to this system is monitored and restricted to\n            authorised users.   If you do not have authorisation\n            to use  this system,  you should not  proceed beyond\n            this point and should disconnect immediately.\n\n            Unauthorised use could lead to prosecution.\n\n    (See also - http://www.stfc.ac.uk/aup)\n\n'
INF [20230504-11:35:51.680] thr=1   paramiko.transport: Authentication (publickey) successful!
DEB [20230504-11:35:51.681] thr=2   paramiko.transport: [chan 0] Max packet in: 32768 bytes
DEB [20230504-11:35:51.692] thr=1   paramiko.transport: Received global request "hostkeys-00@openssh.com"
DEB [20230504-11:35:51.693] thr=1   paramiko.transport: Rejecting "hostkeys-00@openssh.com" global request from server.
DEB [20230504-11:35:51.740] thr=1   paramiko.transport: [chan 0] Max packet out: 32768 bytes
DEB [20230504-11:35:51.740] thr=1   paramiko.transport: Secsh channel 0 opened.
DEB [20230504-11:35:51.748] thr=1   paramiko.transport: [chan 0] Sesch channel 0 request ok
INF [20230504-11:35:51.788] thr=2   paramiko.transport.sftp: [chan 0] Opened sftp connection (server version 3)
DEB [20230504-11:35:51.790] thr=2   paramiko.transport.sftp: [chan 0] open(b'/home/users/gobncas/', 'wb')
DEB [20230504-11:35:51.795] thr=2   paramiko.transport: [chan 1] Max packet in: 32768 bytes
DEB [20230504-11:35:51.798] thr=1   paramiko.transport: [chan 1] Max packet out: 32768 bytes
DEB [20230504-11:35:51.798] thr=1   paramiko.transport: Secsh channel 1 opened.
DEB [20230504-11:35:51.804] thr=1   paramiko.transport: [chan 1] Sesch channel 1 request ok
DEB [20230504-11:35:51.805] thr=2   paramiko.transport: [chan 1] EOF sent (1)
DEB [20230504-11:35:51.808] thr=2   paramiko.transport: [chan 2] Max packet in: 32768 bytes
DEB [20230504-11:35:51.838] thr=1   paramiko.transport: [chan 1] EOF received (1)
DEB [20230504-11:35:51.841] thr=1   paramiko.transport: [chan 2] Max packet out: 32768 bytes
DEB [20230504-11:35:51.841] thr=1   paramiko.transport: Secsh channel 2 opened.
DEB [20230504-11:35:51.889] thr=1   paramiko.transport: [chan 2] Sesch channel 2 request ok
DEB [20230504-11:35:51.922] thr=1   paramiko.transport: [chan 2] EOF received (2)
DEB [20230504-11:35:51.924] thr=2   paramiko.transport: [chan 2] EOF sent (2)
DEB [20230504-11:35:51.927] thr=2   paramiko.transport: [chan 3] Max packet in: 32768 bytes
DEB [20230504-11:35:51.974] thr=1   paramiko.transport: [chan 3] Max packet out: 32768 bytes
DEB [20230504-11:35:51.975] thr=1   paramiko.transport: Secsh channel 3 opened.
DEB [20230504-11:35:51.982] thr=1   paramiko.transport: [chan 3] Sesch channel 3 request ok
DEB [20230504-11:35:52.055] thr=1   paramiko.transport: [chan 3] EOF received (3)
DEB [20230504-11:35:52.055] thr=2   paramiko.transport: [chan 3] EOF sent (3)
DEB [20230504-11:35:52.058] thr=2   paramiko.transport: [chan 4] Max packet in: 32768 bytes
DEB [20230504-11:35:52.105] thr=1   paramiko.transport: [chan 4] Max packet out: 32768 bytes
DEB [20230504-11:35:52.105] thr=1   paramiko.transport: Secsh channel 4 opened.
DEB [20230504-11:35:52.113] thr=1   paramiko.transport: [chan 4] Sesch channel 4 request ok
DEB [20230504-11:35:52.149] thr=1   paramiko.transport: [chan 4] EOF received (4)
DEB [20230504-11:35:52.150] thr=1   paramiko.transport: [chan 4] EOF sent (4)
DEB [20230504-11:35:52.150] thr=2   paramiko.transport.sftp: [chan 0] remove(b'/home/users/gobncas/')
DEB [20230504-12:32:14.042] thr=1   paramiko.transport: starting thread (client mode): 0x313faf10
DEB [20230504-12:32:14.042] thr=1   paramiko.transport: Local version/idstring: SSH-2.0-paramiko_2.10.3
DEB [20230504-12:32:14.058] thr=1   paramiko.transport: Remote version/idstring: SSH-2.0-OpenSSH_7.4
INF [20230504-12:32:14.058] thr=1   paramiko.transport: Connected (version 2.0, client OpenSSH_7.4)
DEB [20230504-12:32:14.061] thr=1   paramiko.transport: === Key exchange possibilities ===
DEB [20230504-12:32:14.062] thr=1   paramiko.transport: kex algos: curve25519-sha256, curve25519-sha256@libssh.org, ecdh-sha2-nistp256, ecdh-sha2-nistp384, ecdh-sha2-nistp521, diffie-hellman-group-exchange-sha256, diffie-hellman-group16-sha512, diffie-hellman-group18-sha512, diffie-hellman-group-exchange-sha1, diffie-hellman-group14-sha256, diffie-hellman-group14-sha1, diffie-hellman-group1-sha1
DEB [20230504-12:32:14.062] thr=1   paramiko.transport: server key: ssh-rsa, rsa-sha2-512, rsa-sha2-256, ecdsa-sha2-nistp256, ssh-ed25519
DEB [20230504-12:32:14.062] thr=1   paramiko.transport: client encrypt: aes256-ctr, aes192-ctr, aes128-ctr
DEB [20230504-12:32:14.063] thr=1   paramiko.transport: server encrypt: aes256-ctr, aes192-ctr, aes128-ctr
DEB [20230504-12:32:14.063] thr=1   paramiko.transport: client mac: umac-64-etm@openssh.com, umac-128-etm@openssh.com, hmac-sha2-256-etm@openssh.com, hmac-sha2-512-etm@openssh.com, hmac-sha1-etm@openssh.com, umac-64@openssh.com, umac-128@openssh.com, hmac-sha2-256, hmac-sha2-512, hmac-sha1
DEB [20230504-12:32:14.063] thr=1   paramiko.transport: server mac: umac-64-etm@openssh.com, umac-128-etm@openssh.com, hmac-sha2-256-etm@openssh.com, hmac-sha2-512-etm@openssh.com, hmac-sha1-etm@openssh.com, umac-64@openssh.com, umac-128@openssh.com, hmac-sha2-256, hmac-sha2-512, hmac-sha1
DEB [20230504-12:32:14.063] thr=1   paramiko.transport: client compress: none, zlib@openssh.com
DEB [20230504-12:32:14.063] thr=1   paramiko.transport: server compress: none, zlib@openssh.com
DEB [20230504-12:32:14.063] thr=1   paramiko.transport: client lang: <none>
DEB [20230504-12:32:14.063] thr=1   paramiko.transport: server lang: <none>
DEB [20230504-12:32:14.063] thr=1   paramiko.transport: kex follows: False
DEB [20230504-12:32:14.063] thr=1   paramiko.transport: === Key exchange agreements ===
DEB [20230504-12:32:14.064] thr=1   paramiko.transport: Kex: curve25519-sha256@libssh.org
DEB [20230504-12:32:14.064] thr=1   paramiko.transport: HostKey: ecdsa-sha2-nistp256
DEB [20230504-12:32:14.064] thr=1   paramiko.transport: Cipher: aes128-ctr
DEB [20230504-12:32:14.064] thr=1   paramiko.transport: MAC: hmac-sha2-256
DEB [20230504-12:32:14.064] thr=1   paramiko.transport: Compression: none
DEB [20230504-12:32:14.064] thr=1   paramiko.transport: === End of kex handshake ===
DEB [20230504-12:32:14.118] thr=1   paramiko.transport: kex engine KexCurve25519 specified hash_algo <built-in function openssl_sha256>
DEB [20230504-12:32:14.119] thr=1   paramiko.transport: Switch to new keys ...
DEB [20230504-12:32:14.119] thr=1   paramiko.transport: Got EXT_INFO: {'server-sig-algs': b'rsa-sha2-256,rsa-sha2-512'}
DEB [20230504-12:32:14.121] thr=2   paramiko.transport: Trying SSH agent key b'6a0b7b17170f6c0059fe0294ac2d5de7'
DEB [20230504-12:32:14.165] thr=1   paramiko.transport: userauth is OK
DEB [20230504-12:32:14.166] thr=1   paramiko.transport: Finalizing pubkey algorithm for key of type 'ssh-rsa'
DEB [20230504-12:32:14.166] thr=1   paramiko.transport: Our pubkey algorithm list: ['rsa-sha2-512', 'rsa-sha2-256', 'ssh-rsa']
DEB [20230504-12:32:14.166] thr=1   paramiko.transport: Server-side algorithm list: ['rsa-sha2-256', 'rsa-sha2-512']
DEB [20230504-12:32:14.166] thr=1   paramiko.transport: Agreed upon 'rsa-sha2-512' pubkey algorithm
INF [20230504-12:32:14.285] thr=1   paramiko.transport: Auth banner: b'\n            Access to this system is monitored and restricted to\n            authorised users.   If you do not have authorisation\n            to use  this system,  you should not  proceed beyond\n            this point and should disconnect immediately.\n\n            Unauthorised use could lead to prosecution.\n\n    (See also - http://www.stfc.ac.uk/aup)\n\n'
INF [20230504-12:32:14.285] thr=1   paramiko.transport: Authentication (publickey) successful!
DEB [20230504-12:32:14.285] thr=2   paramiko.transport: [chan 0] Max packet in: 32768 bytes
DEB [20230504-12:32:14.308] thr=1   paramiko.transport: Received global request "hostkeys-00@openssh.com"
DEB [20230504-12:32:14.308] thr=1   paramiko.transport: Rejecting "hostkeys-00@openssh.com" global request from server.
DEB [20230504-12:32:14.352] thr=1   paramiko.transport: [chan 0] Max packet out: 32768 bytes
DEB [20230504-12:32:14.352] thr=1   paramiko.transport: Secsh channel 0 opened.
DEB [20230504-12:32:14.360] thr=1   paramiko.transport: [chan 0] Sesch channel 0 request ok
INF [20230504-12:32:14.406] thr=2   paramiko.transport.sftp: [chan 0] Opened sftp connection (server version 3)
DEB [20230504-12:32:14.407] thr=2   paramiko.transport.sftp: [chan 0] open(b'/home/users/gobncas/', 'wb')
DEB [20230504-12:32:14.413] thr=2   paramiko.transport: [chan 1] Max packet in: 32768 bytes
DEB [20230504-12:32:14.418] thr=1   paramiko.transport: [chan 1] Max packet out: 32768 bytes
DEB [20230504-12:32:14.418] thr=1   paramiko.transport: Secsh channel 1 opened.
DEB [20230504-12:32:14.426] thr=1   paramiko.transport: [chan 1] Sesch channel 1 request ok
DEB [20230504-12:32:14.427] thr=2   paramiko.transport: [chan 1] EOF sent (1)
DEB [20230504-12:32:14.429] thr=2   paramiko.transport: [chan 2] Max packet in: 32768 bytes
DEB [20230504-12:32:14.462] thr=1   paramiko.transport: [chan 1] EOF received (1)
DEB [20230504-12:32:14.465] thr=1   paramiko.transport: [chan 2] Max packet out: 32768 bytes
DEB [20230504-12:32:14.465] thr=1   paramiko.transport: Secsh channel 2 opened.
DEB [20230504-12:32:14.512] thr=1   paramiko.transport: [chan 2] Sesch channel 2 request ok
DEB [20230504-12:32:14.549] thr=1   paramiko.transport: [chan 2] EOF received (2)
DEB [20230504-12:32:14.551] thr=1   paramiko.transport: [chan 2] EOF sent (2)
DEB [20230504-12:32:14.554] thr=2   paramiko.transport: [chan 3] Max packet in: 32768 bytes
DEB [20230504-12:32:14.601] thr=1   paramiko.transport: [chan 3] Max packet out: 32768 bytes
DEB [20230504-12:32:14.601] thr=1   paramiko.transport: Secsh channel 3 opened.
DEB [20230504-12:32:14.609] thr=1   paramiko.transport: [chan 3] Sesch channel 3 request ok
DEB [20230504-12:32:14.702] thr=1   paramiko.transport: [chan 3] EOF received (3)
DEB [20230504-12:32:14.703] thr=2   paramiko.transport: [chan 3] EOF sent (3)
DEB [20230504-12:32:14.705] thr=2   paramiko.transport: [chan 4] Max packet in: 32768 bytes
DEB [20230504-12:32:14.752] thr=1   paramiko.transport: [chan 4] Max packet out: 32768 bytes
DEB [20230504-12:32:14.752] thr=1   paramiko.transport: Secsh channel 4 opened.
DEB [20230504-12:32:14.758] thr=1   paramiko.transport: [chan 4] Sesch channel 4 request ok
DEB [20230504-12:32:14.799] thr=1   paramiko.transport: [chan 4] EOF received (4)
DEB [20230504-12:32:14.800] thr=2   paramiko.transport.sftp: [chan 0] remove(b'/home/users/gobncas/')
DEB [20230504-12:32:14.801] thr=1   paramiko.transport: [chan 4] EOF sent (4)
DEB [20230504-12:34:11.356] thr=1   paramiko.transport: starting thread (client mode): 0x8df0deb0
DEB [20230504-12:34:11.357] thr=1   paramiko.transport: Local version/idstring: SSH-2.0-paramiko_2.10.3
DEB [20230504-12:34:11.369] thr=1   paramiko.transport: Remote version/idstring: SSH-2.0-OpenSSH_7.4
INF [20230504-12:34:11.370] thr=1   paramiko.transport: Connected (version 2.0, client OpenSSH_7.4)
DEB [20230504-12:34:11.373] thr=1   paramiko.transport: === Key exchange possibilities ===
DEB [20230504-12:34:11.374] thr=1   paramiko.transport: kex algos: curve25519-sha256, curve25519-sha256@libssh.org, ecdh-sha2-nistp256, ecdh-sha2-nistp384, ecdh-sha2-nistp521, diffie-hellman-group-exchange-sha256, diffie-hellman-group16-sha512, diffie-hellman-group18-sha512, diffie-hellman-group-exchange-sha1, diffie-hellman-group14-sha256, diffie-hellman-group14-sha1, diffie-hellman-group1-sha1
DEB [20230504-12:34:11.374] thr=1   paramiko.transport: server key: ssh-rsa, rsa-sha2-512, rsa-sha2-256, ecdsa-sha2-nistp256, ssh-ed25519
DEB [20230504-12:34:11.375] thr=1   paramiko.transport: client encrypt: aes256-ctr, aes192-ctr, aes128-ctr
DEB [20230504-12:34:11.375] thr=1   paramiko.transport: server encrypt: aes256-ctr, aes192-ctr, aes128-ctr
DEB [20230504-12:34:11.375] thr=1   paramiko.transport: client mac: umac-64-etm@openssh.com, umac-128-etm@openssh.com, hmac-sha2-256-etm@openssh.com, hmac-sha2-512-etm@openssh.com, hmac-sha1-etm@openssh.com, umac-64@openssh.com, umac-128@openssh.com, hmac-sha2-256, hmac-sha2-512, hmac-sha1
DEB [20230504-12:34:11.375] thr=1   paramiko.transport: server mac: umac-64-etm@openssh.com, umac-128-etm@openssh.com, hmac-sha2-256-etm@openssh.com, hmac-sha2-512-etm@openssh.com, hmac-sha1-etm@openssh.com, umac-64@openssh.com, umac-128@openssh.com, hmac-sha2-256, hmac-sha2-512, hmac-sha1
DEB [20230504-12:34:11.375] thr=1   paramiko.transport: client compress: none, zlib@openssh.com
DEB [20230504-12:34:11.375] thr=1   paramiko.transport: server compress: none, zlib@openssh.com
DEB [20230504-12:34:11.375] thr=1   paramiko.transport: client lang: <none>
DEB [20230504-12:34:11.375] thr=1   paramiko.transport: server lang: <none>
DEB [20230504-12:34:11.375] thr=1   paramiko.transport: kex follows: False
DEB [20230504-12:34:11.375] thr=1   paramiko.transport: === Key exchange agreements ===
DEB [20230504-12:34:11.376] thr=1   paramiko.transport: Kex: curve25519-sha256@libssh.org
DEB [20230504-12:34:11.376] thr=1   paramiko.transport: HostKey: ecdsa-sha2-nistp256
DEB [20230504-12:34:11.376] thr=1   paramiko.transport: Cipher: aes128-ctr
DEB [20230504-12:34:11.376] thr=1   paramiko.transport: MAC: hmac-sha2-256
DEB [20230504-12:34:11.376] thr=1   paramiko.transport: Compression: none
DEB [20230504-12:34:11.376] thr=1   paramiko.transport: === End of kex handshake ===
DEB [20230504-12:34:11.429] thr=1   paramiko.transport: kex engine KexCurve25519 specified hash_algo <built-in function openssl_sha256>
DEB [20230504-12:34:11.431] thr=1   paramiko.transport: Switch to new keys ...
DEB [20230504-12:34:11.435] thr=1   paramiko.transport: Got EXT_INFO: {'server-sig-algs': b'rsa-sha2-256,rsa-sha2-512'}
DEB [20230504-12:34:11.439] thr=2   paramiko.transport: Trying SSH agent key b'6a0b7b17170f6c0059fe0294ac2d5de7'
DEB [20230504-12:34:11.475] thr=1   paramiko.transport: userauth is OK
DEB [20230504-12:34:11.475] thr=1   paramiko.transport: Finalizing pubkey algorithm for key of type 'ssh-rsa'
DEB [20230504-12:34:11.476] thr=1   paramiko.transport: Our pubkey algorithm list: ['rsa-sha2-512', 'rsa-sha2-256', 'ssh-rsa']
DEB [20230504-12:34:11.476] thr=1   paramiko.transport: Server-side algorithm list: ['rsa-sha2-256', 'rsa-sha2-512']
DEB [20230504-12:34:11.476] thr=1   paramiko.transport: Agreed upon 'rsa-sha2-512' pubkey algorithm
INF [20230504-12:34:11.493] thr=1   paramiko.transport: Auth banner: b'\n            Access to this system is monitored and restricted to\n            authorised users.   If you do not have authorisation\n            to use  this system,  you should not  proceed beyond\n            this point and should disconnect immediately.\n\n            Unauthorised use could lead to prosecution.\n\n    (See also - http://www.stfc.ac.uk/aup)\n\n'
INF [20230504-12:34:11.494] thr=1   paramiko.transport: Authentication (publickey) successful!
DEB [20230504-12:34:11.496] thr=2   paramiko.transport: [chan 0] Max packet in: 32768 bytes
DEB [20230504-12:34:11.510] thr=1   paramiko.transport: Received global request "hostkeys-00@openssh.com"
DEB [20230504-12:34:11.511] thr=1   paramiko.transport: Rejecting "hostkeys-00@openssh.com" global request from server.
DEB [20230504-12:34:11.555] thr=1   paramiko.transport: [chan 0] Max packet out: 32768 bytes
DEB [20230504-12:34:11.555] thr=1   paramiko.transport: Secsh channel 0 opened.
DEB [20230504-12:34:11.561] thr=1   paramiko.transport: [chan 0] Sesch channel 0 request ok
INF [20230504-12:34:11.601] thr=2   paramiko.transport.sftp: [chan 0] Opened sftp connection (server version 3)
DEB [20230504-12:34:11.602] thr=2   paramiko.transport.sftp: [chan 0] open(b'/home/users/gobncas/', 'wb')
DEB [20230504-12:34:11.608] thr=2   paramiko.transport: [chan 1] Max packet in: 32768 bytes
DEB [20230504-12:34:11.613] thr=1   paramiko.transport: [chan 1] Max packet out: 32768 bytes
DEB [20230504-12:34:11.613] thr=1   paramiko.transport: Secsh channel 1 opened.
DEB [20230504-12:34:11.618] thr=1   paramiko.transport: [chan 1] Sesch channel 1 request ok
DEB [20230504-12:34:11.619] thr=2   paramiko.transport: [chan 1] EOF sent (1)
DEB [20230504-12:34:11.619] thr=2   paramiko.transport: [chan 2] Max packet in: 32768 bytes
DEB [20230504-12:34:11.659] thr=1   paramiko.transport: [chan 1] EOF received (1)
DEB [20230504-12:34:11.664] thr=1   paramiko.transport: [chan 2] Max packet out: 32768 bytes
DEB [20230504-12:34:11.665] thr=1   paramiko.transport: Secsh channel 2 opened.
DEB [20230504-12:34:11.711] thr=1   paramiko.transport: [chan 2] Sesch channel 2 request ok
DEB [20230504-12:34:11.750] thr=1   paramiko.transport: [chan 2] EOF received (2)
DEB [20230504-12:34:11.750] thr=1   paramiko.transport: [chan 2] EOF sent (2)
DEB [20230504-12:34:11.751] thr=2   paramiko.transport: [chan 3] Max packet in: 32768 bytes
DEB [20230504-12:34:11.797] thr=1   paramiko.transport: [chan 3] Max packet out: 32768 bytes
DEB [20230504-12:34:11.799] thr=1   paramiko.transport: Secsh channel 3 opened.
DEB [20230504-12:34:11.807] thr=1   paramiko.transport: [chan 3] Sesch channel 3 request ok
DEB [20230504-12:34:11.879] thr=1   paramiko.transport: [chan 3] EOF received (3)
DEB [20230504-12:34:11.879] thr=2   paramiko.transport: [chan 3] EOF sent (3)
DEB [20230504-12:34:11.881] thr=2   paramiko.transport: [chan 4] Max packet in: 32768 bytes
DEB [20230504-12:34:11.927] thr=1   paramiko.transport: [chan 4] Max packet out: 32768 bytes
DEB [20230504-12:34:11.929] thr=1   paramiko.transport: Secsh channel 4 opened.
DEB [20230504-12:34:11.937] thr=1   paramiko.transport: [chan 4] Sesch channel 4 request ok
DEB [20230504-12:34:11.983] thr=1   paramiko.transport: [chan 4] EOF received (4)
DEB [20230504-12:34:11.983] thr=2   paramiko.transport.sftp: [chan 0] remove(b'/home/users/gobncas/')
DEB [20230504-12:34:11.984] thr=1   paramiko.transport: [chan 4] EOF sent (4)
DEB [20230504-12:35:46.540] thr=1   paramiko.transport: starting thread (client mode): 0x6bebeb0
DEB [20230504-12:35:46.541] thr=1   paramiko.transport: Local version/idstring: SSH-2.0-paramiko_2.10.3
DEB [20230504-12:35:46.568] thr=1   paramiko.transport: Remote version/idstring: SSH-2.0-OpenSSH_7.4
INF [20230504-12:35:46.568] thr=1   paramiko.transport: Connected (version 2.0, client OpenSSH_7.4)
DEB [20230504-12:35:46.571] thr=1   paramiko.transport: === Key exchange possibilities ===
DEB [20230504-12:35:46.572] thr=1   paramiko.transport: kex algos: curve25519-sha256, curve25519-sha256@libssh.org, ecdh-sha2-nistp256, ecdh-sha2-nistp384, ecdh-sha2-nistp521, diffie-hellman-group-exchange-sha256, diffie-hellman-group16-sha512, diffie-hellman-group18-sha512, diffie-hellman-group-exchange-sha1, diffie-hellman-group14-sha256, diffie-hellman-group14-sha1, diffie-hellman-group1-sha1
DEB [20230504-12:35:46.572] thr=1   paramiko.transport: server key: ssh-rsa, rsa-sha2-512, rsa-sha2-256, ecdsa-sha2-nistp256, ssh-ed25519
DEB [20230504-12:35:46.572] thr=1   paramiko.transport: client encrypt: aes256-ctr, aes192-ctr, aes128-ctr
DEB [20230504-12:35:46.573] thr=1   paramiko.transport: server encrypt: aes256-ctr, aes192-ctr, aes128-ctr
DEB [20230504-12:35:46.573] thr=1   paramiko.transport: client mac: umac-64-etm@openssh.com, umac-128-etm@openssh.com, hmac-sha2-256-etm@openssh.com, hmac-sha2-512-etm@openssh.com, hmac-sha1-etm@openssh.com, umac-64@openssh.com, umac-128@openssh.com, hmac-sha2-256, hmac-sha2-512, hmac-sha1
DEB [20230504-12:35:46.573] thr=1   paramiko.transport: server mac: umac-64-etm@openssh.com, umac-128-etm@openssh.com, hmac-sha2-256-etm@openssh.com, hmac-sha2-512-etm@openssh.com, hmac-sha1-etm@openssh.com, umac-64@openssh.com, umac-128@openssh.com, hmac-sha2-256, hmac-sha2-512, hmac-sha1
DEB [20230504-12:35:46.573] thr=1   paramiko.transport: client compress: none, zlib@openssh.com
DEB [20230504-12:35:46.573] thr=1   paramiko.transport: server compress: none, zlib@openssh.com
DEB [20230504-12:35:46.573] thr=1   paramiko.transport: client lang: <none>
DEB [20230504-12:35:46.573] thr=1   paramiko.transport: server lang: <none>
DEB [20230504-12:35:46.573] thr=1   paramiko.transport: kex follows: False
DEB [20230504-12:35:46.573] thr=1   paramiko.transport: === Key exchange agreements ===
DEB [20230504-12:35:46.574] thr=1   paramiko.transport: Kex: curve25519-sha256@libssh.org
DEB [20230504-12:35:46.574] thr=1   paramiko.transport: HostKey: ecdsa-sha2-nistp256
DEB [20230504-12:35:46.574] thr=1   paramiko.transport: Cipher: aes128-ctr
DEB [20230504-12:35:46.574] thr=1   paramiko.transport: MAC: hmac-sha2-256
DEB [20230504-12:35:46.574] thr=1   paramiko.transport: Compression: none
DEB [20230504-12:35:46.574] thr=1   paramiko.transport: === End of kex handshake ===
DEB [20230504-12:35:46.627] thr=1   paramiko.transport: kex engine KexCurve25519 specified hash_algo <built-in function openssl_sha256>
DEB [20230504-12:35:46.629] thr=1   paramiko.transport: Switch to new keys ...
DEB [20230504-12:35:46.633] thr=1   paramiko.transport: Got EXT_INFO: {'server-sig-algs': b'rsa-sha2-256,rsa-sha2-512'}
DEB [20230504-12:35:46.638] thr=2   paramiko.transport: Trying SSH agent key b'6a0b7b17170f6c0059fe0294ac2d5de7'
DEB [20230504-12:35:46.674] thr=1   paramiko.transport: userauth is OK
DEB [20230504-12:35:46.675] thr=1   paramiko.transport: Finalizing pubkey algorithm for key of type 'ssh-rsa'
DEB [20230504-12:35:46.675] thr=1   paramiko.transport: Our pubkey algorithm list: ['rsa-sha2-512', 'rsa-sha2-256', 'ssh-rsa']
DEB [20230504-12:35:46.675] thr=1   paramiko.transport: Server-side algorithm list: ['rsa-sha2-256', 'rsa-sha2-512']
DEB [20230504-12:35:46.676] thr=1   paramiko.transport: Agreed upon 'rsa-sha2-512' pubkey algorithm
INF [20230504-12:35:46.695] thr=1   paramiko.transport: Auth banner: b'\n            Access to this system is monitored and restricted to\n            authorised users.   If you do not have authorisation\n            to use  this system,  you should not  proceed beyond\n            this point and should disconnect immediately.\n\n            Unauthorised use could lead to prosecution.\n\n    (See also - http://www.stfc.ac.uk/aup)\n\n'
INF [20230504-12:35:46.696] thr=1   paramiko.transport: Authentication (publickey) successful!
DEB [20230504-12:35:46.697] thr=2   paramiko.transport: [chan 0] Max packet in: 32768 bytes
DEB [20230504-12:35:46.709] thr=1   paramiko.transport: Received global request "hostkeys-00@openssh.com"
DEB [20230504-12:35:46.709] thr=1   paramiko.transport: Rejecting "hostkeys-00@openssh.com" global request from server.
DEB [20230504-12:35:46.756] thr=1   paramiko.transport: [chan 0] Max packet out: 32768 bytes
DEB [20230504-12:35:46.756] thr=1   paramiko.transport: Secsh channel 0 opened.
DEB [20230504-12:35:46.765] thr=1   paramiko.transport: [chan 0] Sesch channel 0 request ok
INF [20230504-12:35:46.810] thr=2   paramiko.transport.sftp: [chan 0] Opened sftp connection (server version 3)
DEB [20230504-12:35:46.811] thr=2   paramiko.transport.sftp: [chan 0] open(b'/home/users/gobncas/', 'wb')
DEB [20230504-12:35:46.817] thr=2   paramiko.transport: [chan 1] Max packet in: 32768 bytes
DEB [20230504-12:35:46.822] thr=1   paramiko.transport: [chan 1] Max packet out: 32768 bytes
DEB [20230504-12:35:46.823] thr=1   paramiko.transport: Secsh channel 1 opened.
DEB [20230504-12:35:46.830] thr=1   paramiko.transport: [chan 1] Sesch channel 1 request ok
DEB [20230504-12:35:46.831] thr=2   paramiko.transport: [chan 1] EOF sent (1)
DEB [20230504-12:35:46.833] thr=2   paramiko.transport: [chan 2] Max packet in: 32768 bytes
DEB [20230504-12:35:46.864] thr=1   paramiko.transport: [chan 1] EOF received (1)
DEB [20230504-12:35:46.868] thr=1   paramiko.transport: [chan 2] Max packet out: 32768 bytes
DEB [20230504-12:35:46.868] thr=1   paramiko.transport: Secsh channel 2 opened.
DEB [20230504-12:35:46.916] thr=1   paramiko.transport: [chan 2] Sesch channel 2 request ok
DEB [20230504-12:35:46.953] thr=1   paramiko.transport: [chan 2] EOF received (2)
DEB [20230504-12:35:46.954] thr=1   paramiko.transport: [chan 2] EOF sent (2)
DEB [20230504-12:35:46.955] thr=2   paramiko.transport: [chan 3] Max packet in: 32768 bytes
DEB [20230504-12:35:47.004] thr=1   paramiko.transport: [chan 3] Max packet out: 32768 bytes
DEB [20230504-12:35:47.004] thr=1   paramiko.transport: Secsh channel 3 opened.
DEB [20230504-12:35:47.010] thr=1   paramiko.transport: [chan 3] Sesch channel 3 request ok
DEB [20230504-12:35:47.064] thr=1   paramiko.transport: [chan 3] EOF received (3)
DEB [20230504-12:35:47.065] thr=2   paramiko.transport: [chan 3] EOF sent (3)
DEB [20230504-12:35:47.067] thr=2   paramiko.transport: [chan 4] Max packet in: 32768 bytes
DEB [20230504-12:35:47.114] thr=1   paramiko.transport: [chan 4] Max packet out: 32768 bytes
DEB [20230504-12:35:47.114] thr=1   paramiko.transport: Secsh channel 4 opened.
DEB [20230504-12:35:47.120] thr=1   paramiko.transport: [chan 4] Sesch channel 4 request ok
DEB [20230504-12:35:47.184] thr=1   paramiko.transport: [chan 4] EOF received (4)
DEB [20230504-12:35:47.185] thr=2   paramiko.transport.sftp: [chan 0] remove(b'/home/users/gobncas/')
DEB [20230504-12:35:47.186] thr=1   paramiko.transport: [chan 4] EOF sent (4)
DEB [20230504-12:36:03.939] thr=1   paramiko.transport: starting thread (client mode): 0xebac9f40
DEB [20230504-12:36:03.939] thr=1   paramiko.transport: Local version/idstring: SSH-2.0-paramiko_2.10.3
DEB [20230504-12:36:03.953] thr=1   paramiko.transport: Remote version/idstring: SSH-2.0-OpenSSH_7.4
INF [20230504-12:36:03.953] thr=1   paramiko.transport: Connected (version 2.0, client OpenSSH_7.4)
DEB [20230504-12:36:03.957] thr=1   paramiko.transport: === Key exchange possibilities ===
DEB [20230504-12:36:03.958] thr=1   paramiko.transport: kex algos: curve25519-sha256, curve25519-sha256@libssh.org, ecdh-sha2-nistp256, ecdh-sha2-nistp384, ecdh-sha2-nistp521, diffie-hellman-group-exchange-sha256, diffie-hellman-group16-sha512, diffie-hellman-group18-sha512, diffie-hellman-group-exchange-sha1, diffie-hellman-group14-sha256, diffie-hellman-group14-sha1, diffie-hellman-group1-sha1
DEB [20230504-12:36:03.958] thr=1   paramiko.transport: server key: ssh-rsa, rsa-sha2-512, rsa-sha2-256, ecdsa-sha2-nistp256, ssh-ed25519
DEB [20230504-12:36:03.958] thr=1   paramiko.transport: client encrypt: aes256-ctr, aes192-ctr, aes128-ctr
DEB [20230504-12:36:03.959] thr=1   paramiko.transport: server encrypt: aes256-ctr, aes192-ctr, aes128-ctr
DEB [20230504-12:36:03.959] thr=1   paramiko.transport: client mac: umac-64-etm@openssh.com, umac-128-etm@openssh.com, hmac-sha2-256-etm@openssh.com, hmac-sha2-512-etm@openssh.com, hmac-sha1-etm@openssh.com, umac-64@openssh.com, umac-128@openssh.com, hmac-sha2-256, hmac-sha2-512, hmac-sha1
DEB [20230504-12:36:03.960] thr=1   paramiko.transport: server mac: umac-64-etm@openssh.com, umac-128-etm@openssh.com, hmac-sha2-256-etm@openssh.com, hmac-sha2-512-etm@openssh.com, hmac-sha1-etm@openssh.com, umac-64@openssh.com, umac-128@openssh.com, hmac-sha2-256, hmac-sha2-512, hmac-sha1
DEB [20230504-12:36:03.960] thr=1   paramiko.transport: client compress: none, zlib@openssh.com
DEB [20230504-12:36:03.960] thr=1   paramiko.transport: server compress: none, zlib@openssh.com
DEB [20230504-12:36:03.960] thr=1   paramiko.transport: client lang: <none>
DEB [20230504-12:36:03.960] thr=1   paramiko.transport: server lang: <none>
DEB [20230504-12:36:03.961] thr=1   paramiko.transport: kex follows: False
DEB [20230504-12:36:03.961] thr=1   paramiko.transport: === Key exchange agreements ===
DEB [20230504-12:36:03.961] thr=1   paramiko.transport: Kex: curve25519-sha256@libssh.org
DEB [20230504-12:36:03.961] thr=1   paramiko.transport: HostKey: ecdsa-sha2-nistp256
DEB [20230504-12:36:03.961] thr=1   paramiko.transport: Cipher: aes128-ctr
DEB [20230504-12:36:03.962] thr=1   paramiko.transport: MAC: hmac-sha2-256
DEB [20230504-12:36:03.963] thr=1   paramiko.transport: Compression: none
DEB [20230504-12:36:03.964] thr=1   paramiko.transport: === End of kex handshake ===
DEB [20230504-12:36:04.008] thr=1   paramiko.transport: kex engine KexCurve25519 specified hash_algo <built-in function openssl_sha256>
DEB [20230504-12:36:04.009] thr=1   paramiko.transport: Switch to new keys ...
DEB [20230504-12:36:04.010] thr=1   paramiko.transport: Got EXT_INFO: {'server-sig-algs': b'rsa-sha2-256,rsa-sha2-512'}
DEB [20230504-12:36:04.012] thr=2   paramiko.transport: Trying SSH agent key b'6a0b7b17170f6c0059fe0294ac2d5de7'
DEB [20230504-12:36:04.054] thr=1   paramiko.transport: userauth is OK
DEB [20230504-12:36:04.054] thr=1   paramiko.transport: Finalizing pubkey algorithm for key of type 'ssh-rsa'
DEB [20230504-12:36:04.054] thr=1   paramiko.transport: Our pubkey algorithm list: ['rsa-sha2-512', 'rsa-sha2-256', 'ssh-rsa']
DEB [20230504-12:36:04.054] thr=1   paramiko.transport: Server-side algorithm list: ['rsa-sha2-256', 'rsa-sha2-512']
DEB [20230504-12:36:04.054] thr=1   paramiko.transport: Agreed upon 'rsa-sha2-512' pubkey algorithm
INF [20230504-12:36:04.069] thr=1   paramiko.transport: Auth banner: b'\n            Access to this system is monitored and restricted to\n            authorised users.   If you do not have authorisation\n            to use  this system,  you should not  proceed beyond\n            this point and should disconnect immediately.\n\n            Unauthorised use could lead to prosecution.\n\n    (See also - http://www.stfc.ac.uk/aup)\n\n'
INF [20230504-12:36:04.070] thr=1   paramiko.transport: Authentication (publickey) successful!
DEB [20230504-12:36:04.071] thr=2   paramiko.transport: [chan 0] Max packet in: 32768 bytes
DEB [20230504-12:36:04.084] thr=1   paramiko.transport: Received global request "hostkeys-00@openssh.com"
DEB [20230504-12:36:04.084] thr=1   paramiko.transport: Rejecting "hostkeys-00@openssh.com" global request from server.
DEB [20230504-12:36:04.132] thr=1   paramiko.transport: [chan 0] Max packet out: 32768 bytes
DEB [20230504-12:36:04.132] thr=1   paramiko.transport: Secsh channel 0 opened.
DEB [20230504-12:36:04.139] thr=1   paramiko.transport: [chan 0] Sesch channel 0 request ok
INF [20230504-12:36:04.179] thr=2   paramiko.transport.sftp: [chan 0] Opened sftp connection (server version 3)
DEB [20230504-12:36:04.180] thr=2   paramiko.transport.sftp: [chan 0] open(b'/home/users/gobncas/', 'wb')
DEB [20230504-12:36:04.185] thr=2   paramiko.transport: [chan 1] Max packet in: 32768 bytes
DEB [20230504-12:36:04.189] thr=1   paramiko.transport: [chan 1] Max packet out: 32768 bytes
DEB [20230504-12:36:04.189] thr=1   paramiko.transport: Secsh channel 1 opened.
DEB [20230504-12:36:04.196] thr=1   paramiko.transport: [chan 1] Sesch channel 1 request ok
DEB [20230504-12:36:04.197] thr=2   paramiko.transport: [chan 1] EOF sent (1)
DEB [20230504-12:36:04.200] thr=2   paramiko.transport: [chan 2] Max packet in: 32768 bytes
DEB [20230504-12:36:04.231] thr=1   paramiko.transport: [chan 1] EOF received (1)
DEB [20230504-12:36:04.234] thr=1   paramiko.transport: [chan 2] Max packet out: 32768 bytes
DEB [20230504-12:36:04.234] thr=1   paramiko.transport: Secsh channel 2 opened.
DEB [20230504-12:36:04.281] thr=1   paramiko.transport: [chan 2] Sesch channel 2 request ok
DEB [20230504-12:36:04.315] thr=1   paramiko.transport: [chan 2] EOF received (2)
DEB [20230504-12:36:04.316] thr=1   paramiko.transport: [chan 2] EOF sent (2)
DEB [20230504-12:36:04.317] thr=2   paramiko.transport: [chan 3] Max packet in: 32768 bytes
DEB [20230504-12:36:04.364] thr=1   paramiko.transport: [chan 3] Max packet out: 32768 bytes
DEB [20230504-12:36:04.364] thr=1   paramiko.transport: Secsh channel 3 opened.
DEB [20230504-12:36:04.371] thr=1   paramiko.transport: [chan 3] Sesch channel 3 request ok
DEB [20230504-12:36:04.419] thr=1   paramiko.transport: [chan 3] EOF received (3)
DEB [20230504-12:36:04.420] thr=2   paramiko.transport: [chan 3] EOF sent (3)
DEB [20230504-12:36:04.421] thr=2   paramiko.transport: [chan 4] Max packet in: 32768 bytes
DEB [20230504-12:36:04.468] thr=1   paramiko.transport: [chan 4] Max packet out: 32768 bytes
DEB [20230504-12:36:04.468] thr=1   paramiko.transport: Secsh channel 4 opened.
DEB [20230504-12:36:04.475] thr=1   paramiko.transport: [chan 4] Sesch channel 4 request ok
DEB [20230504-12:36:04.525] thr=1   paramiko.transport: [chan 4] EOF received (4)
DEB [20230504-12:36:04.527] thr=1   paramiko.transport: [chan 4] EOF sent (4)
DEB [20230504-12:36:04.529] thr=2   paramiko.transport.sftp: [chan 0] remove(b'/home/users/gobncas/')
DEB [20230504-12:37:12.208] thr=1   paramiko.transport: starting thread (client mode): 0xdeb93dc0
DEB [20230504-12:37:12.209] thr=1   paramiko.transport: Local version/idstring: SSH-2.0-paramiko_2.10.3
DEB [20230504-12:37:12.227] thr=1   paramiko.transport: Remote version/idstring: SSH-2.0-OpenSSH_7.4
INF [20230504-12:37:12.228] thr=1   paramiko.transport: Connected (version 2.0, client OpenSSH_7.4)
DEB [20230504-12:37:12.231] thr=1   paramiko.transport: === Key exchange possibilities ===
DEB [20230504-12:37:12.231] thr=1   paramiko.transport: kex algos: curve25519-sha256, curve25519-sha256@libssh.org, ecdh-sha2-nistp256, ecdh-sha2-nistp384, ecdh-sha2-nistp521, diffie-hellman-group-exchange-sha256, diffie-hellman-group16-sha512, diffie-hellman-group18-sha512, diffie-hellman-group-exchange-sha1, diffie-hellman-group14-sha256, diffie-hellman-group14-sha1, diffie-hellman-group1-sha1
DEB [20230504-12:37:12.232] thr=1   paramiko.transport: server key: ssh-rsa, rsa-sha2-512, rsa-sha2-256, ecdsa-sha2-nistp256, ssh-ed25519
DEB [20230504-12:37:12.232] thr=1   paramiko.transport: client encrypt: aes256-ctr, aes192-ctr, aes128-ctr
DEB [20230504-12:37:12.232] thr=1   paramiko.transport: server encrypt: aes256-ctr, aes192-ctr, aes128-ctr
DEB [20230504-12:37:12.232] thr=1   paramiko.transport: client mac: umac-64-etm@openssh.com, umac-128-etm@openssh.com, hmac-sha2-256-etm@openssh.com, hmac-sha2-512-etm@openssh.com, hmac-sha1-etm@openssh.com, umac-64@openssh.com, umac-128@openssh.com, hmac-sha2-256, hmac-sha2-512, hmac-sha1
DEB [20230504-12:37:12.232] thr=1   paramiko.transport: server mac: umac-64-etm@openssh.com, umac-128-etm@openssh.com, hmac-sha2-256-etm@openssh.com, hmac-sha2-512-etm@openssh.com, hmac-sha1-etm@openssh.com, umac-64@openssh.com, umac-128@openssh.com, hmac-sha2-256, hmac-sha2-512, hmac-sha1
DEB [20230504-12:37:12.232] thr=1   paramiko.transport: client compress: none, zlib@openssh.com
DEB [20230504-12:37:12.232] thr=1   paramiko.transport: server compress: none, zlib@openssh.com
DEB [20230504-12:37:12.232] thr=1   paramiko.transport: client lang: <none>
DEB [20230504-12:37:12.232] thr=1   paramiko.transport: server lang: <none>
DEB [20230504-12:37:12.232] thr=1   paramiko.transport: kex follows: False
DEB [20230504-12:37:12.232] thr=1   paramiko.transport: === Key exchange agreements ===
DEB [20230504-12:37:12.233] thr=1   paramiko.transport: Kex: curve25519-sha256@libssh.org
DEB [20230504-12:37:12.233] thr=1   paramiko.transport: HostKey: ecdsa-sha2-nistp256
DEB [20230504-12:37:12.233] thr=1   paramiko.transport: Cipher: aes128-ctr
DEB [20230504-12:37:12.233] thr=1   paramiko.transport: MAC: hmac-sha2-256
DEB [20230504-12:37:12.233] thr=1   paramiko.transport: Compression: none
DEB [20230504-12:37:12.234] thr=1   paramiko.transport: === End of kex handshake ===
DEB [20230504-12:37:12.284] thr=1   paramiko.transport: kex engine KexCurve25519 specified hash_algo <built-in function openssl_sha256>
DEB [20230504-12:37:12.284] thr=1   paramiko.transport: Switch to new keys ...
DEB [20230504-12:37:12.284] thr=1   paramiko.transport: Got EXT_INFO: {'server-sig-algs': b'rsa-sha2-256,rsa-sha2-512'}
DEB [20230504-12:37:12.285] thr=2   paramiko.transport: Trying SSH agent key b'6a0b7b17170f6c0059fe0294ac2d5de7'
DEB [20230504-12:37:12.332] thr=1   paramiko.transport: userauth is OK
DEB [20230504-12:37:12.332] thr=1   paramiko.transport: Finalizing pubkey algorithm for key of type 'ssh-rsa'
DEB [20230504-12:37:12.333] thr=1   paramiko.transport: Our pubkey algorithm list: ['rsa-sha2-512', 'rsa-sha2-256', 'ssh-rsa']
DEB [20230504-12:37:12.333] thr=1   paramiko.transport: Server-side algorithm list: ['rsa-sha2-256', 'rsa-sha2-512']
DEB [20230504-12:37:12.333] thr=1   paramiko.transport: Agreed upon 'rsa-sha2-512' pubkey algorithm
INF [20230504-12:37:12.349] thr=1   paramiko.transport: Auth banner: b'\n            Access to this system is monitored and restricted to\n            authorised users.   If you do not have authorisation\n            to use  this system,  you should not  proceed beyond\n            this point and should disconnect immediately.\n\n            Unauthorised use could lead to prosecution.\n\n    (See also - http://www.stfc.ac.uk/aup)\n\n'
INF [20230504-12:37:12.349] thr=1   paramiko.transport: Authentication (publickey) successful!
DEB [20230504-12:37:12.350] thr=2   paramiko.transport: [chan 0] Max packet in: 32768 bytes
DEB [20230504-12:37:12.358] thr=1   paramiko.transport: Received global request "hostkeys-00@openssh.com"
DEB [20230504-12:37:12.359] thr=1   paramiko.transport: Rejecting "hostkeys-00@openssh.com" global request from server.
DEB [20230504-12:37:12.404] thr=1   paramiko.transport: [chan 0] Max packet out: 32768 bytes
DEB [20230504-12:37:12.404] thr=1   paramiko.transport: Secsh channel 0 opened.
DEB [20230504-12:37:12.411] thr=1   paramiko.transport: [chan 0] Sesch channel 0 request ok
INF [20230504-12:37:12.452] thr=2   paramiko.transport.sftp: [chan 0] Opened sftp connection (server version 3)
DEB [20230504-12:37:12.453] thr=2   paramiko.transport.sftp: [chan 0] open(b'/home/users/gobncas/', 'wb')
DEB [20230504-12:37:12.459] thr=2   paramiko.transport: [chan 1] Max packet in: 32768 bytes
DEB [20230504-12:37:12.464] thr=1   paramiko.transport: [chan 1] Max packet out: 32768 bytes
DEB [20230504-12:37:12.465] thr=1   paramiko.transport: Secsh channel 1 opened.
DEB [20230504-12:37:12.473] thr=1   paramiko.transport: [chan 1] Sesch channel 1 request ok
DEB [20230504-12:37:12.474] thr=2   paramiko.transport: [chan 1] EOF sent (1)
DEB [20230504-12:37:12.474] thr=2   paramiko.transport: [chan 2] Max packet in: 32768 bytes
DEB [20230504-12:37:12.514] thr=1   paramiko.transport: [chan 1] EOF received (1)
DEB [20230504-12:37:12.517] thr=1   paramiko.transport: [chan 2] Max packet out: 32768 bytes
DEB [20230504-12:37:12.518] thr=1   paramiko.transport: Secsh channel 2 opened.
DEB [20230504-12:37:12.567] thr=1   paramiko.transport: [chan 2] Sesch channel 2 request ok
DEB [20230504-12:37:12.602] thr=1   paramiko.transport: [chan 2] EOF received (2)
DEB [20230504-12:37:12.603] thr=2   paramiko.transport: [chan 2] EOF sent (2)
DEB [20230504-12:37:12.605] thr=2   paramiko.transport: [chan 3] Max packet in: 32768 bytes
DEB [20230504-12:37:12.651] thr=1   paramiko.transport: [chan 3] Max packet out: 32768 bytes
DEB [20230504-12:37:12.652] thr=1   paramiko.transport: Secsh channel 3 opened.
DEB [20230504-12:37:12.658] thr=1   paramiko.transport: [chan 3] Sesch channel 3 request ok
DEB [20230504-12:37:12.706] thr=1   paramiko.transport: [chan 3] EOF received (3)
DEB [20230504-12:37:12.707] thr=1   paramiko.transport: [chan 3] EOF sent (3)
DEB [20230504-12:37:12.708] thr=2   paramiko.transport: [chan 4] Max packet in: 32768 bytes
DEB [20230504-12:37:12.755] thr=1   paramiko.transport: [chan 4] Max packet out: 32768 bytes
DEB [20230504-12:37:12.756] thr=1   paramiko.transport: Secsh channel 4 opened.
DEB [20230504-12:37:12.766] thr=1   paramiko.transport: [chan 4] Sesch channel 4 request ok
DEB [20230504-12:37:12.817] thr=1   paramiko.transport: [chan 4] EOF received (4)
DEB [20230504-12:37:12.817] thr=2   paramiko.transport.sftp: [chan 0] remove(b'/home/users/gobncas/')
DEB [20230504-12:37:12.818] thr=1   paramiko.transport: [chan 4] EOF sent (4)
DEB [20230504-12:38:42.978] thr=1   paramiko.transport: starting thread (client mode): 0xcb94ccd0
DEB [20230504-12:38:42.979] thr=1   paramiko.transport: Local version/idstring: SSH-2.0-paramiko_2.10.3
DEB [20230504-12:38:42.992] thr=1   paramiko.transport: Remote version/idstring: SSH-2.0-OpenSSH_7.4
INF [20230504-12:38:42.993] thr=1   paramiko.transport: Connected (version 2.0, client OpenSSH_7.4)
DEB [20230504-12:38:42.996] thr=1   paramiko.transport: === Key exchange possibilities ===
DEB [20230504-12:38:42.997] thr=1   paramiko.transport: kex algos: curve25519-sha256, curve25519-sha256@libssh.org, ecdh-sha2-nistp256, ecdh-sha2-nistp384, ecdh-sha2-nistp521, diffie-hellman-group-exchange-sha256, diffie-hellman-group16-sha512, diffie-hellman-group18-sha512, diffie-hellman-group-exchange-sha1, diffie-hellman-group14-sha256, diffie-hellman-group14-sha1, diffie-hellman-group1-sha1
DEB [20230504-12:38:42.997] thr=1   paramiko.transport: server key: ssh-rsa, rsa-sha2-512, rsa-sha2-256, ecdsa-sha2-nistp256, ssh-ed25519
DEB [20230504-12:38:42.998] thr=1   paramiko.transport: client encrypt: aes256-ctr, aes192-ctr, aes128-ctr
DEB [20230504-12:38:42.998] thr=1   paramiko.transport: server encrypt: aes256-ctr, aes192-ctr, aes128-ctr
DEB [20230504-12:38:42.998] thr=1   paramiko.transport: client mac: umac-64-etm@openssh.com, umac-128-etm@openssh.com, hmac-sha2-256-etm@openssh.com, hmac-sha2-512-etm@openssh.com, hmac-sha1-etm@openssh.com, umac-64@openssh.com, umac-128@openssh.com, hmac-sha2-256, hmac-sha2-512, hmac-sha1
DEB [20230504-12:38:42.999] thr=1   paramiko.transport: server mac: umac-64-etm@openssh.com, umac-128-etm@openssh.com, hmac-sha2-256-etm@openssh.com, hmac-sha2-512-etm@openssh.com, hmac-sha1-etm@openssh.com, umac-64@openssh.com, umac-128@openssh.com, hmac-sha2-256, hmac-sha2-512, hmac-sha1
DEB [20230504-12:38:42.999] thr=1   paramiko.transport: client compress: none, zlib@openssh.com
DEB [20230504-12:38:42.999] thr=1   paramiko.transport: server compress: none, zlib@openssh.com
DEB [20230504-12:38:43.000] thr=1   paramiko.transport: client lang: <none>
DEB [20230504-12:38:43.000] thr=1   paramiko.transport: server lang: <none>
DEB [20230504-12:38:43.000] thr=1   paramiko.transport: kex follows: False
DEB [20230504-12:38:43.000] thr=1   paramiko.transport: === Key exchange agreements ===
DEB [20230504-12:38:43.001] thr=1   paramiko.transport: Kex: curve25519-sha256@libssh.org
DEB [20230504-12:38:43.001] thr=1   paramiko.transport: HostKey: ecdsa-sha2-nistp256
DEB [20230504-12:38:43.002] thr=1   paramiko.transport: Cipher: aes128-ctr
DEB [20230504-12:38:43.002] thr=1   paramiko.transport: MAC: hmac-sha2-256
DEB [20230504-12:38:43.002] thr=1   paramiko.transport: Compression: none
DEB [20230504-12:38:43.002] thr=1   paramiko.transport: === End of kex handshake ===
DEB [20230504-12:38:43.051] thr=1   paramiko.transport: kex engine KexCurve25519 specified hash_algo <built-in function openssl_sha256>
DEB [20230504-12:38:43.052] thr=1   paramiko.transport: Switch to new keys ...
DEB [20230504-12:38:43.054] thr=1   paramiko.transport: Got EXT_INFO: {'server-sig-algs': b'rsa-sha2-256,rsa-sha2-512'}
DEB [20230504-12:38:43.057] thr=2   paramiko.transport: Trying SSH agent key b'6a0b7b17170f6c0059fe0294ac2d5de7'
DEB [20230504-12:38:43.099] thr=1   paramiko.transport: userauth is OK
DEB [20230504-12:38:43.100] thr=1   paramiko.transport: Finalizing pubkey algorithm for key of type 'ssh-rsa'
DEB [20230504-12:38:43.100] thr=1   paramiko.transport: Our pubkey algorithm list: ['rsa-sha2-512', 'rsa-sha2-256', 'ssh-rsa']
DEB [20230504-12:38:43.101] thr=1   paramiko.transport: Server-side algorithm list: ['rsa-sha2-256', 'rsa-sha2-512']
DEB [20230504-12:38:43.101] thr=1   paramiko.transport: Agreed upon 'rsa-sha2-512' pubkey algorithm
INF [20230504-12:38:43.121] thr=1   paramiko.transport: Auth banner: b'\n            Access to this system is monitored and restricted to\n            authorised users.   If you do not have authorisation\n            to use  this system,  you should not  proceed beyond\n            this point and should disconnect immediately.\n\n            Unauthorised use could lead to prosecution.\n\n    (See also - http://www.stfc.ac.uk/aup)\n\n'
INF [20230504-12:38:43.121] thr=1   paramiko.transport: Authentication (publickey) successful!
DEB [20230504-12:38:43.122] thr=2   paramiko.transport: [chan 0] Max packet in: 32768 bytes
DEB [20230504-12:38:43.129] thr=1   paramiko.transport: Received global request "hostkeys-00@openssh.com"
DEB [20230504-12:38:43.129] thr=1   paramiko.transport: Rejecting "hostkeys-00@openssh.com" global request from server.
DEB [20230504-12:38:43.175] thr=1   paramiko.transport: [chan 0] Max packet out: 32768 bytes
DEB [20230504-12:38:43.176] thr=1   paramiko.transport: Secsh channel 0 opened.
DEB [20230504-12:38:43.182] thr=1   paramiko.transport: [chan 0] Sesch channel 0 request ok
INF [20230504-12:38:43.224] thr=2   paramiko.transport.sftp: [chan 0] Opened sftp connection (server version 3)
DEB [20230504-12:38:49.116] thr=1   paramiko.transport: starting thread (client mode): 0xeee32fd0
DEB [20230504-12:38:49.117] thr=1   paramiko.transport: Local version/idstring: SSH-2.0-paramiko_2.10.3
DEB [20230504-12:38:49.131] thr=1   paramiko.transport: Remote version/idstring: SSH-2.0-OpenSSH_7.4
INF [20230504-12:38:49.131] thr=1   paramiko.transport: Connected (version 2.0, client OpenSSH_7.4)
DEB [20230504-12:38:49.134] thr=1   paramiko.transport: === Key exchange possibilities ===
DEB [20230504-12:38:49.135] thr=1   paramiko.transport: kex algos: curve25519-sha256, curve25519-sha256@libssh.org, ecdh-sha2-nistp256, ecdh-sha2-nistp384, ecdh-sha2-nistp521, diffie-hellman-group-exchange-sha256, diffie-hellman-group16-sha512, diffie-hellman-group18-sha512, diffie-hellman-group-exchange-sha1, diffie-hellman-group14-sha256, diffie-hellman-group14-sha1, diffie-hellman-group1-sha1
DEB [20230504-12:38:49.135] thr=1   paramiko.transport: server key: ssh-rsa, rsa-sha2-512, rsa-sha2-256, ecdsa-sha2-nistp256, ssh-ed25519
DEB [20230504-12:38:49.135] thr=1   paramiko.transport: client encrypt: aes256-ctr, aes192-ctr, aes128-ctr
DEB [20230504-12:38:49.135] thr=1   paramiko.transport: server encrypt: aes256-ctr, aes192-ctr, aes128-ctr
DEB [20230504-12:38:49.136] thr=1   paramiko.transport: client mac: umac-64-etm@openssh.com, umac-128-etm@openssh.com, hmac-sha2-256-etm@openssh.com, hmac-sha2-512-etm@openssh.com, hmac-sha1-etm@openssh.com, umac-64@openssh.com, umac-128@openssh.com, hmac-sha2-256, hmac-sha2-512, hmac-sha1
DEB [20230504-12:38:49.136] thr=1   paramiko.transport: server mac: umac-64-etm@openssh.com, umac-128-etm@openssh.com, hmac-sha2-256-etm@openssh.com, hmac-sha2-512-etm@openssh.com, hmac-sha1-etm@openssh.com, umac-64@openssh.com, umac-128@openssh.com, hmac-sha2-256, hmac-sha2-512, hmac-sha1
DEB [20230504-12:38:49.137] thr=1   paramiko.transport: client compress: none, zlib@openssh.com
DEB [20230504-12:38:49.138] thr=1   paramiko.transport: server compress: none, zlib@openssh.com
DEB [20230504-12:38:49.138] thr=1   paramiko.transport: client lang: <none>
DEB [20230504-12:38:49.139] thr=1   paramiko.transport: server lang: <none>
DEB [20230504-12:38:49.139] thr=1   paramiko.transport: kex follows: False
DEB [20230504-12:38:49.140] thr=1   paramiko.transport: === Key exchange agreements ===
DEB [20230504-12:38:49.141] thr=1   paramiko.transport: Kex: curve25519-sha256@libssh.org
DEB [20230504-12:38:49.142] thr=1   paramiko.transport: HostKey: ecdsa-sha2-nistp256
DEB [20230504-12:38:49.142] thr=1   paramiko.transport: Cipher: aes128-ctr
DEB [20230504-12:38:49.143] thr=1   paramiko.transport: MAC: hmac-sha2-256
DEB [20230504-12:38:49.144] thr=1   paramiko.transport: Compression: none
DEB [20230504-12:38:49.144] thr=1   paramiko.transport: === End of kex handshake ===
DEB [20230504-12:38:49.189] thr=1   paramiko.transport: kex engine KexCurve25519 specified hash_algo <built-in function openssl_sha256>
DEB [20230504-12:38:49.192] thr=1   paramiko.transport: Switch to new keys ...
DEB [20230504-12:38:49.195] thr=1   paramiko.transport: Got EXT_INFO: {'server-sig-algs': b'rsa-sha2-256,rsa-sha2-512'}
DEB [20230504-12:38:49.199] thr=2   paramiko.transport: Trying SSH agent key b'6a0b7b17170f6c0059fe0294ac2d5de7'
DEB [20230504-12:38:49.236] thr=1   paramiko.transport: userauth is OK
DEB [20230504-12:38:49.237] thr=1   paramiko.transport: Finalizing pubkey algorithm for key of type 'ssh-rsa'
DEB [20230504-12:38:49.237] thr=1   paramiko.transport: Our pubkey algorithm list: ['rsa-sha2-512', 'rsa-sha2-256', 'ssh-rsa']
DEB [20230504-12:38:49.237] thr=1   paramiko.transport: Server-side algorithm list: ['rsa-sha2-256', 'rsa-sha2-512']
DEB [20230504-12:38:49.238] thr=1   paramiko.transport: Agreed upon 'rsa-sha2-512' pubkey algorithm
INF [20230504-12:38:49.255] thr=1   paramiko.transport: Auth banner: b'\n            Access to this system is monitored and restricted to\n            authorised users.   If you do not have authorisation\n            to use  this system,  you should not  proceed beyond\n            this point and should disconnect immediately.\n\n            Unauthorised use could lead to prosecution.\n\n    (See also - http://www.stfc.ac.uk/aup)\n\n'
INF [20230504-12:38:49.257] thr=1   paramiko.transport: Authentication (publickey) successful!
DEB [20230504-12:38:49.259] thr=2   paramiko.transport: [chan 0] Max packet in: 32768 bytes
DEB [20230504-12:38:49.265] thr=1   paramiko.transport: Received global request "hostkeys-00@openssh.com"
DEB [20230504-12:38:49.266] thr=1   paramiko.transport: Rejecting "hostkeys-00@openssh.com" global request from server.
DEB [20230504-12:38:49.316] thr=1   paramiko.transport: [chan 0] Max packet out: 32768 bytes
DEB [20230504-12:38:49.316] thr=1   paramiko.transport: Secsh channel 0 opened.
DEB [20230504-12:38:49.324] thr=1   paramiko.transport: [chan 0] Sesch channel 0 request ok
INF [20230504-12:38:49.362] thr=2   paramiko.transport.sftp: [chan 0] Opened sftp connection (server version 3)
DEB [20230504-12:39:13.053] thr=1   paramiko.transport: starting thread (client mode): 0x5d9dfc10
DEB [20230504-12:39:13.053] thr=1   paramiko.transport: Local version/idstring: SSH-2.0-paramiko_2.10.3
DEB [20230504-12:39:13.069] thr=1   paramiko.transport: Remote version/idstring: SSH-2.0-OpenSSH_7.4
INF [20230504-12:39:13.069] thr=1   paramiko.transport: Connected (version 2.0, client OpenSSH_7.4)
DEB [20230504-12:39:13.072] thr=1   paramiko.transport: === Key exchange possibilities ===
DEB [20230504-12:39:13.073] thr=1   paramiko.transport: kex algos: curve25519-sha256, curve25519-sha256@libssh.org, ecdh-sha2-nistp256, ecdh-sha2-nistp384, ecdh-sha2-nistp521, diffie-hellman-group-exchange-sha256, diffie-hellman-group16-sha512, diffie-hellman-group18-sha512, diffie-hellman-group-exchange-sha1, diffie-hellman-group14-sha256, diffie-hellman-group14-sha1, diffie-hellman-group1-sha1
DEB [20230504-12:39:13.073] thr=1   paramiko.transport: server key: ssh-rsa, rsa-sha2-512, rsa-sha2-256, ecdsa-sha2-nistp256, ssh-ed25519
DEB [20230504-12:39:13.073] thr=1   paramiko.transport: client encrypt: aes256-ctr, aes192-ctr, aes128-ctr
DEB [20230504-12:39:13.073] thr=1   paramiko.transport: server encrypt: aes256-ctr, aes192-ctr, aes128-ctr
DEB [20230504-12:39:13.073] thr=1   paramiko.transport: client mac: umac-64-etm@openssh.com, umac-128-etm@openssh.com, hmac-sha2-256-etm@openssh.com, hmac-sha2-512-etm@openssh.com, hmac-sha1-etm@openssh.com, umac-64@openssh.com, umac-128@openssh.com, hmac-sha2-256, hmac-sha2-512, hmac-sha1
DEB [20230504-12:39:13.073] thr=1   paramiko.transport: server mac: umac-64-etm@openssh.com, umac-128-etm@openssh.com, hmac-sha2-256-etm@openssh.com, hmac-sha2-512-etm@openssh.com, hmac-sha1-etm@openssh.com, umac-64@openssh.com, umac-128@openssh.com, hmac-sha2-256, hmac-sha2-512, hmac-sha1
DEB [20230504-12:39:13.073] thr=1   paramiko.transport: client compress: none, zlib@openssh.com
DEB [20230504-12:39:13.073] thr=1   paramiko.transport: server compress: none, zlib@openssh.com
DEB [20230504-12:39:13.073] thr=1   paramiko.transport: client lang: <none>
DEB [20230504-12:39:13.073] thr=1   paramiko.transport: server lang: <none>
DEB [20230504-12:39:13.074] thr=1   paramiko.transport: kex follows: False
DEB [20230504-12:39:13.074] thr=1   paramiko.transport: === Key exchange agreements ===
DEB [20230504-12:39:13.074] thr=1   paramiko.transport: Kex: curve25519-sha256@libssh.org
DEB [20230504-12:39:13.074] thr=1   paramiko.transport: HostKey: ecdsa-sha2-nistp256
DEB [20230504-12:39:13.074] thr=1   paramiko.transport: Cipher: aes128-ctr
DEB [20230504-12:39:13.074] thr=1   paramiko.transport: MAC: hmac-sha2-256
DEB [20230504-12:39:13.074] thr=1   paramiko.transport: Compression: none
DEB [20230504-12:39:13.074] thr=1   paramiko.transport: === End of kex handshake ===
DEB [20230504-12:39:13.127] thr=1   paramiko.transport: kex engine KexCurve25519 specified hash_algo <built-in function openssl_sha256>
DEB [20230504-12:39:13.128] thr=1   paramiko.transport: Switch to new keys ...
DEB [20230504-12:39:13.130] thr=1   paramiko.transport: Got EXT_INFO: {'server-sig-algs': b'rsa-sha2-256,rsa-sha2-512'}
DEB [20230504-12:39:13.133] thr=2   paramiko.transport: Trying SSH agent key b'6a0b7b17170f6c0059fe0294ac2d5de7'
DEB [20230504-12:39:13.175] thr=1   paramiko.transport: userauth is OK
DEB [20230504-12:39:13.176] thr=1   paramiko.transport: Finalizing pubkey algorithm for key of type 'ssh-rsa'
DEB [20230504-12:39:13.176] thr=1   paramiko.transport: Our pubkey algorithm list: ['rsa-sha2-512', 'rsa-sha2-256', 'ssh-rsa']
DEB [20230504-12:39:13.177] thr=1   paramiko.transport: Server-side algorithm list: ['rsa-sha2-256', 'rsa-sha2-512']
DEB [20230504-12:39:13.177] thr=1   paramiko.transport: Agreed upon 'rsa-sha2-512' pubkey algorithm
INF [20230504-12:39:13.196] thr=1   paramiko.transport: Auth banner: b'\n            Access to this system is monitored and restricted to\n            authorised users.   If you do not have authorisation\n            to use  this system,  you should not  proceed beyond\n            this point and should disconnect immediately.\n\n            Unauthorised use could lead to prosecution.\n\n    (See also - http://www.stfc.ac.uk/aup)\n\n'
INF [20230504-12:39:13.197] thr=1   paramiko.transport: Authentication (publickey) successful!
DEB [20230504-12:39:13.199] thr=2   paramiko.transport: [chan 0] Max packet in: 32768 bytes
DEB [20230504-12:39:13.209] thr=1   paramiko.transport: Received global request "hostkeys-00@openssh.com"
DEB [20230504-12:39:13.210] thr=1   paramiko.transport: Rejecting "hostkeys-00@openssh.com" global request from server.
DEB [20230504-12:39:13.256] thr=1   paramiko.transport: [chan 0] Max packet out: 32768 bytes
DEB [20230504-12:39:13.257] thr=1   paramiko.transport: Secsh channel 0 opened.
DEB [20230504-12:39:13.267] thr=1   paramiko.transport: [chan 0] Sesch channel 0 request ok
INF [20230504-12:39:13.314] thr=2   paramiko.transport.sftp: [chan 0] Opened sftp connection (server version 3)
DEB [20230504-12:39:23.646] thr=1   paramiko.transport: starting thread (client mode): 0x75d6d60
DEB [20230504-12:39:23.647] thr=1   paramiko.transport: Local version/idstring: SSH-2.0-paramiko_2.10.3
DEB [20230504-12:39:23.664] thr=1   paramiko.transport: Remote version/idstring: SSH-2.0-OpenSSH_7.4
INF [20230504-12:39:23.665] thr=1   paramiko.transport: Connected (version 2.0, client OpenSSH_7.4)
DEB [20230504-12:39:23.668] thr=1   paramiko.transport: === Key exchange possibilities ===
DEB [20230504-12:39:23.668] thr=1   paramiko.transport: kex algos: curve25519-sha256, curve25519-sha256@libssh.org, ecdh-sha2-nistp256, ecdh-sha2-nistp384, ecdh-sha2-nistp521, diffie-hellman-group-exchange-sha256, diffie-hellman-group16-sha512, diffie-hellman-group18-sha512, diffie-hellman-group-exchange-sha1, diffie-hellman-group14-sha256, diffie-hellman-group14-sha1, diffie-hellman-group1-sha1
DEB [20230504-12:39:23.668] thr=1   paramiko.transport: server key: ssh-rsa, rsa-sha2-512, rsa-sha2-256, ecdsa-sha2-nistp256, ssh-ed25519
DEB [20230504-12:39:23.668] thr=1   paramiko.transport: client encrypt: aes256-ctr, aes192-ctr, aes128-ctr
DEB [20230504-12:39:23.669] thr=1   paramiko.transport: server encrypt: aes256-ctr, aes192-ctr, aes128-ctr
DEB [20230504-12:39:23.669] thr=1   paramiko.transport: client mac: umac-64-etm@openssh.com, umac-128-etm@openssh.com, hmac-sha2-256-etm@openssh.com, hmac-sha2-512-etm@openssh.com, hmac-sha1-etm@openssh.com, umac-64@openssh.com, umac-128@openssh.com, hmac-sha2-256, hmac-sha2-512, hmac-sha1
DEB [20230504-12:39:23.669] thr=1   paramiko.transport: server mac: umac-64-etm@openssh.com, umac-128-etm@openssh.com, hmac-sha2-256-etm@openssh.com, hmac-sha2-512-etm@openssh.com, hmac-sha1-etm@openssh.com, umac-64@openssh.com, umac-128@openssh.com, hmac-sha2-256, hmac-sha2-512, hmac-sha1
DEB [20230504-12:39:23.669] thr=1   paramiko.transport: client compress: none, zlib@openssh.com
DEB [20230504-12:39:23.669] thr=1   paramiko.transport: server compress: none, zlib@openssh.com
DEB [20230504-12:39:23.669] thr=1   paramiko.transport: client lang: <none>
DEB [20230504-12:39:23.669] thr=1   paramiko.transport: server lang: <none>
DEB [20230504-12:39:23.669] thr=1   paramiko.transport: kex follows: False
DEB [20230504-12:39:23.669] thr=1   paramiko.transport: === Key exchange agreements ===
DEB [20230504-12:39:23.669] thr=1   paramiko.transport: Kex: curve25519-sha256@libssh.org
DEB [20230504-12:39:23.669] thr=1   paramiko.transport: HostKey: ecdsa-sha2-nistp256
DEB [20230504-12:39:23.669] thr=1   paramiko.transport: Cipher: aes128-ctr
DEB [20230504-12:39:23.669] thr=1   paramiko.transport: MAC: hmac-sha2-256
DEB [20230504-12:39:23.669] thr=1   paramiko.transport: Compression: none
DEB [20230504-12:39:23.669] thr=1   paramiko.transport: === End of kex handshake ===
DEB [20230504-12:39:23.724] thr=1   paramiko.transport: kex engine KexCurve25519 specified hash_algo <built-in function openssl_sha256>
DEB [20230504-12:39:23.727] thr=1   paramiko.transport: Switch to new keys ...
DEB [20230504-12:39:23.729] thr=1   paramiko.transport: Got EXT_INFO: {'server-sig-algs': b'rsa-sha2-256,rsa-sha2-512'}
DEB [20230504-12:39:23.732] thr=2   paramiko.transport: Trying SSH agent key b'6a0b7b17170f6c0059fe0294ac2d5de7'
DEB [20230504-12:39:23.770] thr=1   paramiko.transport: userauth is OK
DEB [20230504-12:39:23.771] thr=1   paramiko.transport: Finalizing pubkey algorithm for key of type 'ssh-rsa'
DEB [20230504-12:39:23.771] thr=1   paramiko.transport: Our pubkey algorithm list: ['rsa-sha2-512', 'rsa-sha2-256', 'ssh-rsa']
DEB [20230504-12:39:23.771] thr=1   paramiko.transport: Server-side algorithm list: ['rsa-sha2-256', 'rsa-sha2-512']
DEB [20230504-12:39:23.771] thr=1   paramiko.transport: Agreed upon 'rsa-sha2-512' pubkey algorithm
INF [20230504-12:39:23.791] thr=1   paramiko.transport: Auth banner: b'\n            Access to this system is monitored and restricted to\n            authorised users.   If you do not have authorisation\n            to use  this system,  you should not  proceed beyond\n            this point and should disconnect immediately.\n\n            Unauthorised use could lead to prosecution.\n\n    (See also - http://www.stfc.ac.uk/aup)\n\n'
INF [20230504-12:39:23.792] thr=1   paramiko.transport: Authentication (publickey) successful!
DEB [20230504-12:39:23.794] thr=2   paramiko.transport: [chan 0] Max packet in: 32768 bytes
DEB [20230504-12:39:23.800] thr=1   paramiko.transport: Received global request "hostkeys-00@openssh.com"
DEB [20230504-12:39:23.801] thr=1   paramiko.transport: Rejecting "hostkeys-00@openssh.com" global request from server.
DEB [20230504-12:39:23.848] thr=1   paramiko.transport: [chan 0] Max packet out: 32768 bytes
DEB [20230504-12:39:23.848] thr=1   paramiko.transport: Secsh channel 0 opened.
DEB [20230504-12:39:23.856] thr=1   paramiko.transport: [chan 0] Sesch channel 0 request ok
INF [20230504-12:39:23.906] thr=2   paramiko.transport.sftp: [chan 0] Opened sftp connection (server version 3)
DEB [20230504-12:39:23.907] thr=2   paramiko.transport.sftp: [chan 0] open(b'/home/users/gobncas/', 'wb')
DEB [20230504-12:39:23.913] thr=2   paramiko.transport: [chan 1] Max packet in: 32768 bytes
DEB [20230504-12:39:23.918] thr=1   paramiko.transport: [chan 1] Max packet out: 32768 bytes
DEB [20230504-12:39:23.918] thr=1   paramiko.transport: Secsh channel 1 opened.
DEB [20230504-12:39:23.925] thr=1   paramiko.transport: [chan 1] Sesch channel 1 request ok
DEB [20230504-12:39:23.926] thr=2   paramiko.transport: [chan 1] EOF sent (1)
DEB [20230504-12:39:23.927] thr=2   paramiko.transport: [chan 2] Max packet in: 32768 bytes
DEB [20230504-12:39:23.964] thr=1   paramiko.transport: [chan 1] EOF received (1)
DEB [20230504-12:39:23.968] thr=1   paramiko.transport: [chan 2] Max packet out: 32768 bytes
DEB [20230504-12:39:23.969] thr=1   paramiko.transport: Secsh channel 2 opened.
DEB [20230504-12:39:24.016] thr=1   paramiko.transport: [chan 2] Sesch channel 2 request ok
DEB [20230504-12:39:24.059] thr=1   paramiko.transport: [chan 2] EOF received (2)
DEB [20230504-12:39:24.060] thr=2   paramiko.transport: [chan 2] EOF sent (2)
DEB [20230504-12:39:24.063] thr=2   paramiko.transport: [chan 3] Max packet in: 32768 bytes
DEB [20230504-12:39:24.111] thr=1   paramiko.transport: [chan 3] Max packet out: 32768 bytes
DEB [20230504-12:39:24.111] thr=1   paramiko.transport: Secsh channel 3 opened.
DEB [20230504-12:39:24.118] thr=1   paramiko.transport: [chan 3] Sesch channel 3 request ok
DEB [20230504-12:39:24.179] thr=1   paramiko.transport: [chan 3] EOF received (3)
DEB [20230504-12:39:24.179] thr=1   paramiko.transport: [chan 3] EOF sent (3)
DEB [20230504-12:39:24.180] thr=2   paramiko.transport: [chan 4] Max packet in: 32768 bytes
DEB [20230504-12:39:24.231] thr=1   paramiko.transport: [chan 4] Max packet out: 32768 bytes
DEB [20230504-12:39:24.231] thr=1   paramiko.transport: Secsh channel 4 opened.
DEB [20230504-12:39:24.241] thr=1   paramiko.transport: [chan 4] Sesch channel 4 request ok
DEB [20230504-12:39:24.308] thr=1   paramiko.transport: [chan 4] EOF received (4)
DEB [20230504-12:39:24.309] thr=2   paramiko.transport.sftp: [chan 0] remove(b'/home/users/gobncas/')
DEB [20230504-12:39:24.310] thr=1   paramiko.transport: [chan 4] EOF sent (4)
DEB [20230504-12:41:29.053] thr=1   paramiko.transport: starting thread (client mode): 0x7a60fe80
DEB [20230504-12:41:29.053] thr=1   paramiko.transport: Local version/idstring: SSH-2.0-paramiko_2.10.3
DEB [20230504-12:41:29.071] thr=1   paramiko.transport: Remote version/idstring: SSH-2.0-OpenSSH_7.4
INF [20230504-12:41:29.072] thr=1   paramiko.transport: Connected (version 2.0, client OpenSSH_7.4)
DEB [20230504-12:41:29.075] thr=1   paramiko.transport: === Key exchange possibilities ===
DEB [20230504-12:41:29.075] thr=1   paramiko.transport: kex algos: curve25519-sha256, curve25519-sha256@libssh.org, ecdh-sha2-nistp256, ecdh-sha2-nistp384, ecdh-sha2-nistp521, diffie-hellman-group-exchange-sha256, diffie-hellman-group16-sha512, diffie-hellman-group18-sha512, diffie-hellman-group-exchange-sha1, diffie-hellman-group14-sha256, diffie-hellman-group14-sha1, diffie-hellman-group1-sha1
DEB [20230504-12:41:29.075] thr=1   paramiko.transport: server key: ssh-rsa, rsa-sha2-512, rsa-sha2-256, ecdsa-sha2-nistp256, ssh-ed25519
DEB [20230504-12:41:29.076] thr=1   paramiko.transport: client encrypt: aes256-ctr, aes192-ctr, aes128-ctr
DEB [20230504-12:41:29.076] thr=1   paramiko.transport: server encrypt: aes256-ctr, aes192-ctr, aes128-ctr
DEB [20230504-12:41:29.076] thr=1   paramiko.transport: client mac: umac-64-etm@openssh.com, umac-128-etm@openssh.com, hmac-sha2-256-etm@openssh.com, hmac-sha2-512-etm@openssh.com, hmac-sha1-etm@openssh.com, umac-64@openssh.com, umac-128@openssh.com, hmac-sha2-256, hmac-sha2-512, hmac-sha1
DEB [20230504-12:41:29.076] thr=1   paramiko.transport: server mac: umac-64-etm@openssh.com, umac-128-etm@openssh.com, hmac-sha2-256-etm@openssh.com, hmac-sha2-512-etm@openssh.com, hmac-sha1-etm@openssh.com, umac-64@openssh.com, umac-128@openssh.com, hmac-sha2-256, hmac-sha2-512, hmac-sha1
DEB [20230504-12:41:29.076] thr=1   paramiko.transport: client compress: none, zlib@openssh.com
DEB [20230504-12:41:29.076] thr=1   paramiko.transport: server compress: none, zlib@openssh.com
DEB [20230504-12:41:29.076] thr=1   paramiko.transport: client lang: <none>
DEB [20230504-12:41:29.076] thr=1   paramiko.transport: server lang: <none>
DEB [20230504-12:41:29.076] thr=1   paramiko.transport: kex follows: False
DEB [20230504-12:41:29.076] thr=1   paramiko.transport: === Key exchange agreements ===
DEB [20230504-12:41:29.076] thr=1   paramiko.transport: Kex: curve25519-sha256@libssh.org
DEB [20230504-12:41:29.076] thr=1   paramiko.transport: HostKey: ecdsa-sha2-nistp256
DEB [20230504-12:41:29.076] thr=1   paramiko.transport: Cipher: aes128-ctr
DEB [20230504-12:41:29.076] thr=1   paramiko.transport: MAC: hmac-sha2-256
DEB [20230504-12:41:29.077] thr=1   paramiko.transport: Compression: none
DEB [20230504-12:41:29.077] thr=1   paramiko.transport: === End of kex handshake ===
DEB [20230504-12:41:29.134] thr=1   paramiko.transport: kex engine KexCurve25519 specified hash_algo <built-in function openssl_sha256>
DEB [20230504-12:41:29.135] thr=1   paramiko.transport: Switch to new keys ...
DEB [20230504-12:41:29.136] thr=1   paramiko.transport: Got EXT_INFO: {'server-sig-algs': b'rsa-sha2-256,rsa-sha2-512'}
DEB [20230504-12:41:29.137] thr=2   paramiko.transport: Trying SSH agent key b'6a0b7b17170f6c0059fe0294ac2d5de7'
DEB [20230504-12:41:29.181] thr=1   paramiko.transport: userauth is OK
DEB [20230504-12:41:29.181] thr=1   paramiko.transport: Finalizing pubkey algorithm for key of type 'ssh-rsa'
DEB [20230504-12:41:29.181] thr=1   paramiko.transport: Our pubkey algorithm list: ['rsa-sha2-512', 'rsa-sha2-256', 'ssh-rsa']
DEB [20230504-12:41:29.181] thr=1   paramiko.transport: Server-side algorithm list: ['rsa-sha2-256', 'rsa-sha2-512']
DEB [20230504-12:41:29.181] thr=1   paramiko.transport: Agreed upon 'rsa-sha2-512' pubkey algorithm
INF [20230504-12:41:29.202] thr=1   paramiko.transport: Auth banner: b'\n            Access to this system is monitored and restricted to\n            authorised users.   If you do not have authorisation\n            to use  this system,  you should not  proceed beyond\n            this point and should disconnect immediately.\n\n            Unauthorised use could lead to prosecution.\n\n    (See also - http://www.stfc.ac.uk/aup)\n\n'
INF [20230504-12:41:29.202] thr=1   paramiko.transport: Authentication (publickey) successful!
DEB [20230504-12:41:29.203] thr=2   paramiko.transport: [chan 0] Max packet in: 32768 bytes
DEB [20230504-12:41:29.213] thr=1   paramiko.transport: Received global request "hostkeys-00@openssh.com"
DEB [20230504-12:41:29.214] thr=1   paramiko.transport: Rejecting "hostkeys-00@openssh.com" global request from server.
DEB [20230504-12:41:29.259] thr=1   paramiko.transport: [chan 0] Max packet out: 32768 bytes
DEB [20230504-12:41:29.260] thr=1   paramiko.transport: Secsh channel 0 opened.
DEB [20230504-12:41:29.267] thr=1   paramiko.transport: [chan 0] Sesch channel 0 request ok
INF [20230504-12:41:29.328] thr=2   paramiko.transport.sftp: [chan 0] Opened sftp connection (server version 3)
DEB [20230504-12:41:35.671] thr=1   paramiko.transport: starting thread (client mode): 0xb6b4c0d0
DEB [20230504-12:41:35.671] thr=1   paramiko.transport: Local version/idstring: SSH-2.0-paramiko_2.10.3
DEB [20230504-12:41:35.685] thr=1   paramiko.transport: Remote version/idstring: SSH-2.0-OpenSSH_7.4
INF [20230504-12:41:35.686] thr=1   paramiko.transport: Connected (version 2.0, client OpenSSH_7.4)
DEB [20230504-12:41:35.689] thr=1   paramiko.transport: === Key exchange possibilities ===
DEB [20230504-12:41:35.690] thr=1   paramiko.transport: kex algos: curve25519-sha256, curve25519-sha256@libssh.org, ecdh-sha2-nistp256, ecdh-sha2-nistp384, ecdh-sha2-nistp521, diffie-hellman-group-exchange-sha256, diffie-hellman-group16-sha512, diffie-hellman-group18-sha512, diffie-hellman-group-exchange-sha1, diffie-hellman-group14-sha256, diffie-hellman-group14-sha1, diffie-hellman-group1-sha1
DEB [20230504-12:41:35.690] thr=1   paramiko.transport: server key: ssh-rsa, rsa-sha2-512, rsa-sha2-256, ecdsa-sha2-nistp256, ssh-ed25519
DEB [20230504-12:41:35.691] thr=1   paramiko.transport: client encrypt: aes256-ctr, aes192-ctr, aes128-ctr
DEB [20230504-12:41:35.691] thr=1   paramiko.transport: server encrypt: aes256-ctr, aes192-ctr, aes128-ctr
DEB [20230504-12:41:35.691] thr=1   paramiko.transport: client mac: umac-64-etm@openssh.com, umac-128-etm@openssh.com, hmac-sha2-256-etm@openssh.com, hmac-sha2-512-etm@openssh.com, hmac-sha1-etm@openssh.com, umac-64@openssh.com, umac-128@openssh.com, hmac-sha2-256, hmac-sha2-512, hmac-sha1
DEB [20230504-12:41:35.692] thr=1   paramiko.transport: server mac: umac-64-etm@openssh.com, umac-128-etm@openssh.com, hmac-sha2-256-etm@openssh.com, hmac-sha2-512-etm@openssh.com, hmac-sha1-etm@openssh.com, umac-64@openssh.com, umac-128@openssh.com, hmac-sha2-256, hmac-sha2-512, hmac-sha1
DEB [20230504-12:41:35.693] thr=1   paramiko.transport: client compress: none, zlib@openssh.com
DEB [20230504-12:41:35.693] thr=1   paramiko.transport: server compress: none, zlib@openssh.com
DEB [20230504-12:41:35.693] thr=1   paramiko.transport: client lang: <none>
DEB [20230504-12:41:35.694] thr=1   paramiko.transport: server lang: <none>
DEB [20230504-12:41:35.694] thr=1   paramiko.transport: kex follows: False
DEB [20230504-12:41:35.694] thr=1   paramiko.transport: === Key exchange agreements ===
DEB [20230504-12:41:35.695] thr=1   paramiko.transport: Kex: curve25519-sha256@libssh.org
DEB [20230504-12:41:35.695] thr=1   paramiko.transport: HostKey: ecdsa-sha2-nistp256
DEB [20230504-12:41:35.696] thr=1   paramiko.transport: Cipher: aes128-ctr
DEB [20230504-12:41:35.696] thr=1   paramiko.transport: MAC: hmac-sha2-256
DEB [20230504-12:41:35.697] thr=1   paramiko.transport: Compression: none
DEB [20230504-12:41:35.697] thr=1   paramiko.transport: === End of kex handshake ===
DEB [20230504-12:41:35.743] thr=1   paramiko.transport: kex engine KexCurve25519 specified hash_algo <built-in function openssl_sha256>
DEB [20230504-12:41:35.745] thr=1   paramiko.transport: Switch to new keys ...
DEB [20230504-12:41:35.747] thr=1   paramiko.transport: Got EXT_INFO: {'server-sig-algs': b'rsa-sha2-256,rsa-sha2-512'}
DEB [20230504-12:41:35.748] thr=2   paramiko.transport: Trying SSH agent key b'6a0b7b17170f6c0059fe0294ac2d5de7'
DEB [20230504-12:41:35.790] thr=1   paramiko.transport: userauth is OK
DEB [20230504-12:41:35.791] thr=1   paramiko.transport: Finalizing pubkey algorithm for key of type 'ssh-rsa'
DEB [20230504-12:41:35.792] thr=1   paramiko.transport: Our pubkey algorithm list: ['rsa-sha2-512', 'rsa-sha2-256', 'ssh-rsa']
DEB [20230504-12:41:35.792] thr=1   paramiko.transport: Server-side algorithm list: ['rsa-sha2-256', 'rsa-sha2-512']
DEB [20230504-12:41:35.793] thr=1   paramiko.transport: Agreed upon 'rsa-sha2-512' pubkey algorithm
INF [20230504-12:41:35.810] thr=1   paramiko.transport: Auth banner: b'\n            Access to this system is monitored and restricted to\n            authorised users.   If you do not have authorisation\n            to use  this system,  you should not  proceed beyond\n            this point and should disconnect immediately.\n\n            Unauthorised use could lead to prosecution.\n\n    (See also - http://www.stfc.ac.uk/aup)\n\n'
INF [20230504-12:41:35.811] thr=1   paramiko.transport: Authentication (publickey) successful!
DEB [20230504-12:41:35.811] thr=2   paramiko.transport: [chan 0] Max packet in: 32768 bytes
DEB [20230504-12:41:35.821] thr=1   paramiko.transport: Received global request "hostkeys-00@openssh.com"
DEB [20230504-12:41:35.822] thr=1   paramiko.transport: Rejecting "hostkeys-00@openssh.com" global request from server.
DEB [20230504-12:41:35.868] thr=1   paramiko.transport: [chan 0] Max packet out: 32768 bytes
DEB [20230504-12:41:35.868] thr=1   paramiko.transport: Secsh channel 0 opened.
DEB [20230504-12:41:35.875] thr=1   paramiko.transport: [chan 0] Sesch channel 0 request ok
INF [20230504-12:41:35.920] thr=2   paramiko.transport.sftp: [chan 0] Opened sftp connection (server version 3)
DEB [20230504-12:41:35.920] thr=2   paramiko.transport.sftp: [chan 0] open(b'/home/users/gobncas/', 'wb')
DEB [20230504-12:41:35.926] thr=2   paramiko.transport: [chan 1] Max packet in: 32768 bytes
DEB [20230504-12:41:35.932] thr=1   paramiko.transport: [chan 1] Max packet out: 32768 bytes
DEB [20230504-12:41:35.932] thr=1   paramiko.transport: Secsh channel 1 opened.
DEB [20230504-12:41:35.939] thr=1   paramiko.transport: [chan 1] Sesch channel 1 request ok
DEB [20230504-12:41:35.940] thr=2   paramiko.transport: [chan 1] EOF sent (1)
DEB [20230504-12:41:35.941] thr=2   paramiko.transport: [chan 2] Max packet in: 32768 bytes
DEB [20230504-12:41:35.984] thr=1   paramiko.transport: [chan 1] EOF received (1)
DEB [20230504-12:41:35.987] thr=1   paramiko.transport: [chan 2] Max packet out: 32768 bytes
DEB [20230504-12:41:35.988] thr=1   paramiko.transport: Secsh channel 2 opened.
DEB [20230504-12:41:36.036] thr=1   paramiko.transport: [chan 2] Sesch channel 2 request ok
DEB [20230504-12:41:36.079] thr=1   paramiko.transport: [chan 2] EOF received (2)
DEB [20230504-12:41:36.080] thr=2   paramiko.transport: [chan 2] EOF sent (2)
DEB [20230504-12:41:36.083] thr=2   paramiko.transport: [chan 3] Max packet in: 32768 bytes
DEB [20230504-12:41:36.128] thr=1   paramiko.transport: [chan 3] Max packet out: 32768 bytes
DEB [20230504-12:41:36.128] thr=1   paramiko.transport: Secsh channel 3 opened.
DEB [20230504-12:41:36.135] thr=1   paramiko.transport: [chan 3] Sesch channel 3 request ok
DEB [20230504-12:41:36.219] thr=1   paramiko.transport: [chan 3] EOF received (3)
DEB [20230504-12:41:36.220] thr=2   paramiko.transport: [chan 3] EOF sent (3)
DEB [20230504-12:41:36.228] thr=2   paramiko.transport: [chan 4] Max packet in: 32768 bytes
DEB [20230504-12:41:36.270] thr=1   paramiko.transport: [chan 4] Max packet out: 32768 bytes
DEB [20230504-12:41:36.270] thr=1   paramiko.transport: Secsh channel 4 opened.
DEB [20230504-12:41:36.276] thr=1   paramiko.transport: [chan 4] Sesch channel 4 request ok
DEB [20230504-12:41:36.342] thr=1   paramiko.transport: [chan 4] EOF received (4)
DEB [20230504-12:41:36.343] thr=2   paramiko.transport.sftp: [chan 0] remove(b'/home/users/gobncas/')
DEB [20230504-12:41:36.345] thr=1   paramiko.transport: [chan 4] EOF sent (4)
DEB [20230504-12:42:06.268] thr=1   paramiko.transport: starting thread (client mode): 0xd94b8cd0
DEB [20230504-12:42:06.268] thr=1   paramiko.transport: Local version/idstring: SSH-2.0-paramiko_2.10.3
DEB [20230504-12:42:06.282] thr=1   paramiko.transport: Remote version/idstring: SSH-2.0-OpenSSH_7.4
INF [20230504-12:42:06.282] thr=1   paramiko.transport: Connected (version 2.0, client OpenSSH_7.4)
DEB [20230504-12:42:06.286] thr=1   paramiko.transport: === Key exchange possibilities ===
DEB [20230504-12:42:06.286] thr=1   paramiko.transport: kex algos: curve25519-sha256, curve25519-sha256@libssh.org, ecdh-sha2-nistp256, ecdh-sha2-nistp384, ecdh-sha2-nistp521, diffie-hellman-group-exchange-sha256, diffie-hellman-group16-sha512, diffie-hellman-group18-sha512, diffie-hellman-group-exchange-sha1, diffie-hellman-group14-sha256, diffie-hellman-group14-sha1, diffie-hellman-group1-sha1
DEB [20230504-12:42:06.286] thr=1   paramiko.transport: server key: ssh-rsa, rsa-sha2-512, rsa-sha2-256, ecdsa-sha2-nistp256, ssh-ed25519
DEB [20230504-12:42:06.286] thr=1   paramiko.transport: client encrypt: aes256-ctr, aes192-ctr, aes128-ctr
DEB [20230504-12:42:06.286] thr=1   paramiko.transport: server encrypt: aes256-ctr, aes192-ctr, aes128-ctr
DEB [20230504-12:42:06.286] thr=1   paramiko.transport: client mac: umac-64-etm@openssh.com, umac-128-etm@openssh.com, hmac-sha2-256-etm@openssh.com, hmac-sha2-512-etm@openssh.com, hmac-sha1-etm@openssh.com, umac-64@openssh.com, umac-128@openssh.com, hmac-sha2-256, hmac-sha2-512, hmac-sha1
DEB [20230504-12:42:06.286] thr=1   paramiko.transport: server mac: umac-64-etm@openssh.com, umac-128-etm@openssh.com, hmac-sha2-256-etm@openssh.com, hmac-sha2-512-etm@openssh.com, hmac-sha1-etm@openssh.com, umac-64@openssh.com, umac-128@openssh.com, hmac-sha2-256, hmac-sha2-512, hmac-sha1
DEB [20230504-12:42:06.286] thr=1   paramiko.transport: client compress: none, zlib@openssh.com
DEB [20230504-12:42:06.286] thr=1   paramiko.transport: server compress: none, zlib@openssh.com
DEB [20230504-12:42:06.286] thr=1   paramiko.transport: client lang: <none>
DEB [20230504-12:42:06.286] thr=1   paramiko.transport: server lang: <none>
DEB [20230504-12:42:06.287] thr=1   paramiko.transport: kex follows: False
DEB [20230504-12:42:06.287] thr=1   paramiko.transport: === Key exchange agreements ===
DEB [20230504-12:42:06.287] thr=1   paramiko.transport: Kex: curve25519-sha256@libssh.org
DEB [20230504-12:42:06.287] thr=1   paramiko.transport: HostKey: ecdsa-sha2-nistp256
DEB [20230504-12:42:06.287] thr=1   paramiko.transport: Cipher: aes128-ctr
DEB [20230504-12:42:06.287] thr=1   paramiko.transport: MAC: hmac-sha2-256
DEB [20230504-12:42:06.287] thr=1   paramiko.transport: Compression: none
DEB [20230504-12:42:06.288] thr=1   paramiko.transport: === End of kex handshake ===
DEB [20230504-12:42:06.338] thr=1   paramiko.transport: kex engine KexCurve25519 specified hash_algo <built-in function openssl_sha256>
DEB [20230504-12:42:06.338] thr=1   paramiko.transport: Switch to new keys ...
DEB [20230504-12:42:06.338] thr=1   paramiko.transport: Got EXT_INFO: {'server-sig-algs': b'rsa-sha2-256,rsa-sha2-512'}
DEB [20230504-12:42:06.340] thr=2   paramiko.transport: Trying SSH agent key b'6a0b7b17170f6c0059fe0294ac2d5de7'
DEB [20230504-12:42:06.384] thr=1   paramiko.transport: userauth is OK
DEB [20230504-12:42:06.385] thr=1   paramiko.transport: Finalizing pubkey algorithm for key of type 'ssh-rsa'
DEB [20230504-12:42:06.385] thr=1   paramiko.transport: Our pubkey algorithm list: ['rsa-sha2-512', 'rsa-sha2-256', 'ssh-rsa']
DEB [20230504-12:42:06.385] thr=1   paramiko.transport: Server-side algorithm list: ['rsa-sha2-256', 'rsa-sha2-512']
DEB [20230504-12:42:06.385] thr=1   paramiko.transport: Agreed upon 'rsa-sha2-512' pubkey algorithm
INF [20230504-12:42:06.404] thr=1   paramiko.transport: Auth banner: b'\n            Access to this system is monitored and restricted to\n            authorised users.   If you do not have authorisation\n            to use  this system,  you should not  proceed beyond\n            this point and should disconnect immediately.\n\n            Unauthorised use could lead to prosecution.\n\n    (See also - http://www.stfc.ac.uk/aup)\n\n'
INF [20230504-12:42:06.404] thr=1   paramiko.transport: Authentication (publickey) successful!
DEB [20230504-12:42:06.405] thr=2   paramiko.transport: [chan 0] Max packet in: 32768 bytes
DEB [20230504-12:42:06.414] thr=1   paramiko.transport: Received global request "hostkeys-00@openssh.com"
DEB [20230504-12:42:06.414] thr=1   paramiko.transport: Rejecting "hostkeys-00@openssh.com" global request from server.
DEB [20230504-12:42:06.460] thr=1   paramiko.transport: [chan 0] Max packet out: 32768 bytes
DEB [20230504-12:42:06.461] thr=1   paramiko.transport: Secsh channel 0 opened.
DEB [20230504-12:42:06.469] thr=1   paramiko.transport: [chan 0] Sesch channel 0 request ok
INF [20230504-12:42:06.520] thr=2   paramiko.transport.sftp: [chan 0] Opened sftp connection (server version 3)
DEB [20230504-12:42:06.521] thr=2   paramiko.transport.sftp: [chan 0] open(b'/home/users/gobncas', 'wb')
DEB [20230504-12:42:06.530] thr=2   paramiko.transport: [chan 1] Max packet in: 32768 bytes
DEB [20230504-12:42:06.537] thr=1   paramiko.transport: [chan 1] Max packet out: 32768 bytes
DEB [20230504-12:42:06.538] thr=1   paramiko.transport: Secsh channel 1 opened.
DEB [20230504-12:42:06.544] thr=1   paramiko.transport: [chan 1] Sesch channel 1 request ok
DEB [20230504-12:42:06.544] thr=2   paramiko.transport: [chan 1] EOF sent (1)
DEB [20230504-12:42:06.545] thr=2   paramiko.transport: [chan 2] Max packet in: 32768 bytes
DEB [20230504-12:42:06.581] thr=1   paramiko.transport: [chan 1] EOF received (1)
DEB [20230504-12:42:06.584] thr=1   paramiko.transport: [chan 2] Max packet out: 32768 bytes
DEB [20230504-12:42:06.584] thr=1   paramiko.transport: Secsh channel 2 opened.
DEB [20230504-12:42:06.633] thr=1   paramiko.transport: [chan 2] Sesch channel 2 request ok
DEB [20230504-12:42:06.673] thr=1   paramiko.transport: [chan 2] EOF received (2)
DEB [20230504-12:42:06.673] thr=2   paramiko.transport: [chan 2] EOF sent (2)
DEB [20230504-12:42:06.675] thr=2   paramiko.transport: [chan 3] Max packet in: 32768 bytes
DEB [20230504-12:42:06.722] thr=1   paramiko.transport: [chan 3] Max packet out: 32768 bytes
DEB [20230504-12:42:06.722] thr=1   paramiko.transport: Secsh channel 3 opened.
DEB [20230504-12:42:06.731] thr=1   paramiko.transport: [chan 3] Sesch channel 3 request ok
DEB [20230504-12:42:06.778] thr=1   paramiko.transport: [chan 3] EOF received (3)
DEB [20230504-12:42:06.778] thr=2   paramiko.transport: [chan 3] EOF sent (3)
DEB [20230504-12:42:06.779] thr=2   paramiko.transport: [chan 4] Max packet in: 32768 bytes
DEB [20230504-12:42:06.826] thr=1   paramiko.transport: [chan 4] Max packet out: 32768 bytes
DEB [20230504-12:42:06.827] thr=1   paramiko.transport: Secsh channel 4 opened.
DEB [20230504-12:42:06.834] thr=1   paramiko.transport: [chan 4] Sesch channel 4 request ok
DEB [20230504-12:42:06.885] thr=1   paramiko.transport: [chan 4] EOF received (4)
DEB [20230504-12:42:06.885] thr=1   paramiko.transport: [chan 4] EOF sent (4)
DEB [20230504-12:42:06.886] thr=2   paramiko.transport.sftp: [chan 0] remove(b'/home/users/gobncas/')
DEB [20230504-12:47:49.835] thr=1   paramiko.transport: starting thread (client mode): 0x640d9b50
DEB [20230504-12:47:49.835] thr=1   paramiko.transport: Local version/idstring: SSH-2.0-paramiko_2.10.3
DEB [20230504-12:47:49.851] thr=1   paramiko.transport: Remote version/idstring: SSH-2.0-OpenSSH_7.4
INF [20230504-12:47:49.851] thr=1   paramiko.transport: Connected (version 2.0, client OpenSSH_7.4)
DEB [20230504-12:47:49.857] thr=1   paramiko.transport: === Key exchange possibilities ===
DEB [20230504-12:47:49.857] thr=1   paramiko.transport: kex algos: curve25519-sha256, curve25519-sha256@libssh.org, ecdh-sha2-nistp256, ecdh-sha2-nistp384, ecdh-sha2-nistp521, diffie-hellman-group-exchange-sha256, diffie-hellman-group16-sha512, diffie-hellman-group18-sha512, diffie-hellman-group-exchange-sha1, diffie-hellman-group14-sha256, diffie-hellman-group14-sha1, diffie-hellman-group1-sha1
DEB [20230504-12:47:49.858] thr=1   paramiko.transport: server key: ssh-rsa, rsa-sha2-512, rsa-sha2-256, ecdsa-sha2-nistp256, ssh-ed25519
DEB [20230504-12:47:49.858] thr=1   paramiko.transport: client encrypt: aes256-ctr, aes192-ctr, aes128-ctr
DEB [20230504-12:47:49.859] thr=1   paramiko.transport: server encrypt: aes256-ctr, aes192-ctr, aes128-ctr
DEB [20230504-12:47:49.860] thr=1   paramiko.transport: client mac: umac-64-etm@openssh.com, umac-128-etm@openssh.com, hmac-sha2-256-etm@openssh.com, hmac-sha2-512-etm@openssh.com, hmac-sha1-etm@openssh.com, umac-64@openssh.com, umac-128@openssh.com, hmac-sha2-256, hmac-sha2-512, hmac-sha1
DEB [20230504-12:47:49.861] thr=1   paramiko.transport: server mac: umac-64-etm@openssh.com, umac-128-etm@openssh.com, hmac-sha2-256-etm@openssh.com, hmac-sha2-512-etm@openssh.com, hmac-sha1-etm@openssh.com, umac-64@openssh.com, umac-128@openssh.com, hmac-sha2-256, hmac-sha2-512, hmac-sha1
DEB [20230504-12:47:49.861] thr=1   paramiko.transport: client compress: none, zlib@openssh.com
DEB [20230504-12:47:49.862] thr=1   paramiko.transport: server compress: none, zlib@openssh.com
DEB [20230504-12:47:49.862] thr=1   paramiko.transport: client lang: <none>
DEB [20230504-12:47:49.863] thr=1   paramiko.transport: server lang: <none>
DEB [20230504-12:47:49.863] thr=1   paramiko.transport: kex follows: False
DEB [20230504-12:47:49.863] thr=1   paramiko.transport: === Key exchange agreements ===
DEB [20230504-12:47:49.863] thr=1   paramiko.transport: Kex: curve25519-sha256@libssh.org
DEB [20230504-12:47:49.863] thr=1   paramiko.transport: HostKey: ecdsa-sha2-nistp256
DEB [20230504-12:47:49.863] thr=1   paramiko.transport: Cipher: aes128-ctr
DEB [20230504-12:47:49.864] thr=1   paramiko.transport: MAC: hmac-sha2-256
DEB [20230504-12:47:49.864] thr=1   paramiko.transport: Compression: none
DEB [20230504-12:47:49.864] thr=1   paramiko.transport: === End of kex handshake ===
DEB [20230504-12:47:49.881] thr=1   paramiko.transport: kex engine KexCurve25519 specified hash_algo <built-in function openssl_sha256>
DEB [20230504-12:47:49.882] thr=1   paramiko.transport: Switch to new keys ...
DEB [20230504-12:47:49.883] thr=1   paramiko.transport: Got EXT_INFO: {'server-sig-algs': b'rsa-sha2-256,rsa-sha2-512'}
DEB [20230504-12:47:49.887] thr=2   paramiko.transport: Trying SSH agent key b'6a0b7b17170f6c0059fe0294ac2d5de7'
DEB [20230504-12:47:49.928] thr=1   paramiko.transport: userauth is OK
DEB [20230504-12:47:49.929] thr=1   paramiko.transport: Finalizing pubkey algorithm for key of type 'ssh-rsa'
DEB [20230504-12:47:49.929] thr=1   paramiko.transport: Our pubkey algorithm list: ['rsa-sha2-512', 'rsa-sha2-256', 'ssh-rsa']
DEB [20230504-12:47:49.930] thr=1   paramiko.transport: Server-side algorithm list: ['rsa-sha2-256', 'rsa-sha2-512']
DEB [20230504-12:47:49.930] thr=1   paramiko.transport: Agreed upon 'rsa-sha2-512' pubkey algorithm
INF [20230504-12:47:49.951] thr=1   paramiko.transport: Auth banner: b'\n            Access to this system is monitored and restricted to\n            authorised users.   If you do not have authorisation\n            to use  this system,  you should not  proceed beyond\n            this point and should disconnect immediately.\n\n            Unauthorised use could lead to prosecution.\n\n    (See also - http://www.stfc.ac.uk/aup)\n\n'
INF [20230504-12:47:49.953] thr=1   paramiko.transport: Authentication (publickey) successful!
DEB [20230504-12:47:49.957] thr=2   paramiko.transport: [chan 0] Max packet in: 32768 bytes
DEB [20230504-12:47:49.963] thr=1   paramiko.transport: Received global request "hostkeys-00@openssh.com"
DEB [20230504-12:47:49.964] thr=1   paramiko.transport: Rejecting "hostkeys-00@openssh.com" global request from server.
DEB [20230504-12:47:50.011] thr=1   paramiko.transport: [chan 0] Max packet out: 32768 bytes
DEB [20230504-12:47:50.011] thr=1   paramiko.transport: Secsh channel 0 opened.
DEB [20230504-12:47:50.017] thr=1   paramiko.transport: [chan 0] Sesch channel 0 request ok
INF [20230504-12:47:50.074] thr=2   paramiko.transport.sftp: [chan 0] Opened sftp connection (server version 3)
DEB [20230504-12:47:50.076] thr=2   paramiko.transport.sftp: [chan 0] open(b'/home/users/gobncas/aggregationscript.py', 'wb')
DEB [20230504-12:47:50.082] thr=2   paramiko.transport.sftp: [chan 0] open(b'/home/users/gobncas/aggregationscript.py', 'wb') -> 00000000
DEB [20230504-12:47:50.083] thr=2   paramiko.transport.sftp: [chan 0] close(00000000)
DEB [20230504-12:47:50.126] thr=2   paramiko.transport.sftp: [chan 0] stat(b'/home/users/gobncas/aggregationscript.py')
DEB [20230504-12:47:50.133] thr=2   paramiko.transport: [chan 1] Max packet in: 32768 bytes
DEB [20230504-12:47:50.137] thr=1   paramiko.transport: [chan 1] Max packet out: 32768 bytes
DEB [20230504-12:47:50.137] thr=1   paramiko.transport: Secsh channel 1 opened.
DEB [20230504-12:47:50.145] thr=1   paramiko.transport: [chan 1] Sesch channel 1 request ok
DEB [20230504-12:47:50.145] thr=2   paramiko.transport: [chan 1] EOF sent (1)
DEB [20230504-12:47:50.146] thr=2   paramiko.transport: [chan 2] Max packet in: 32768 bytes
DEB [20230504-12:47:50.192] thr=1   paramiko.transport: [chan 2] Max packet out: 32768 bytes
DEB [20230504-12:47:50.193] thr=1   paramiko.transport: Secsh channel 2 opened.
DEB [20230504-12:47:50.200] thr=1   paramiko.transport: [chan 2] Sesch channel 2 request ok
DEB [20230504-12:47:50.207] thr=1   paramiko.transport: Ignoring message for dead channel 1
DEB [20230504-12:47:50.208] thr=1   paramiko.transport: Ignoring message for dead channel 1
DEB [20230504-12:47:50.242] thr=1   paramiko.transport: [chan 2] EOF received (2)
DEB [20230504-12:47:50.243] thr=2   paramiko.transport: [chan 2] EOF sent (2)
DEB [20230504-12:47:50.245] thr=2   paramiko.transport: [chan 3] Max packet in: 32768 bytes
DEB [20230504-12:47:50.294] thr=1   paramiko.transport: [chan 3] Max packet out: 32768 bytes
DEB [20230504-12:47:50.295] thr=1   paramiko.transport: Secsh channel 3 opened.
DEB [20230504-12:47:50.302] thr=1   paramiko.transport: [chan 3] Sesch channel 3 request ok
DEB [20230504-12:47:50.396] thr=1   paramiko.transport: [chan 3] EOF received (3)
DEB [20230504-12:47:50.396] thr=2   paramiko.transport: [chan 3] EOF sent (3)
DEB [20230504-12:47:50.400] thr=2   paramiko.transport: [chan 4] Max packet in: 32768 bytes
DEB [20230504-12:47:50.446] thr=1   paramiko.transport: [chan 4] Max packet out: 32768 bytes
DEB [20230504-12:47:50.446] thr=1   paramiko.transport: Secsh channel 4 opened.
DEB [20230504-12:47:50.453] thr=1   paramiko.transport: [chan 4] Sesch channel 4 request ok
DEB [20230504-12:47:51.273] thr=1   paramiko.transport: [chan 4] EOF received (4)
DEB [20230504-12:47:51.273] thr=2   paramiko.transport.sftp: [chan 0] remove(b'/home/users/gobncas/')
DEB [20230504-12:47:51.274] thr=1   paramiko.transport: [chan 4] EOF sent (4)
DEB [20230504-13:40:23.503] thr=1   paramiko.transport: starting thread (client mode): 0x50220190
DEB [20230504-13:40:23.503] thr=1   paramiko.transport: Local version/idstring: SSH-2.0-paramiko_2.10.3
DEB [20230504-13:40:23.518] thr=1   paramiko.transport: Remote version/idstring: SSH-2.0-OpenSSH_7.4
INF [20230504-13:40:23.519] thr=1   paramiko.transport: Connected (version 2.0, client OpenSSH_7.4)
DEB [20230504-13:40:23.522] thr=1   paramiko.transport: === Key exchange possibilities ===
DEB [20230504-13:40:23.522] thr=1   paramiko.transport: kex algos: curve25519-sha256, curve25519-sha256@libssh.org, ecdh-sha2-nistp256, ecdh-sha2-nistp384, ecdh-sha2-nistp521, diffie-hellman-group-exchange-sha256, diffie-hellman-group16-sha512, diffie-hellman-group18-sha512, diffie-hellman-group-exchange-sha1, diffie-hellman-group14-sha256, diffie-hellman-group14-sha1, diffie-hellman-group1-sha1
DEB [20230504-13:40:23.522] thr=1   paramiko.transport: server key: ssh-rsa, rsa-sha2-512, rsa-sha2-256, ecdsa-sha2-nistp256, ssh-ed25519
DEB [20230504-13:40:23.522] thr=1   paramiko.transport: client encrypt: aes256-ctr, aes192-ctr, aes128-ctr
DEB [20230504-13:40:23.522] thr=1   paramiko.transport: server encrypt: aes256-ctr, aes192-ctr, aes128-ctr
DEB [20230504-13:40:23.523] thr=1   paramiko.transport: client mac: umac-64-etm@openssh.com, umac-128-etm@openssh.com, hmac-sha2-256-etm@openssh.com, hmac-sha2-512-etm@openssh.com, hmac-sha1-etm@openssh.com, umac-64@openssh.com, umac-128@openssh.com, hmac-sha2-256, hmac-sha2-512, hmac-sha1
DEB [20230504-13:40:23.523] thr=1   paramiko.transport: server mac: umac-64-etm@openssh.com, umac-128-etm@openssh.com, hmac-sha2-256-etm@openssh.com, hmac-sha2-512-etm@openssh.com, hmac-sha1-etm@openssh.com, umac-64@openssh.com, umac-128@openssh.com, hmac-sha2-256, hmac-sha2-512, hmac-sha1
DEB [20230504-13:40:23.523] thr=1   paramiko.transport: client compress: none, zlib@openssh.com
DEB [20230504-13:40:23.523] thr=1   paramiko.transport: server compress: none, zlib@openssh.com
DEB [20230504-13:40:23.523] thr=1   paramiko.transport: client lang: <none>
DEB [20230504-13:40:23.523] thr=1   paramiko.transport: server lang: <none>
DEB [20230504-13:40:23.523] thr=1   paramiko.transport: kex follows: False
DEB [20230504-13:40:23.523] thr=1   paramiko.transport: === Key exchange agreements ===
DEB [20230504-13:40:23.523] thr=1   paramiko.transport: Kex: curve25519-sha256@libssh.org
DEB [20230504-13:40:23.524] thr=1   paramiko.transport: HostKey: ecdsa-sha2-nistp256
DEB [20230504-13:40:23.524] thr=1   paramiko.transport: Cipher: aes128-ctr
DEB [20230504-13:40:23.524] thr=1   paramiko.transport: MAC: hmac-sha2-256
DEB [20230504-13:40:23.525] thr=1   paramiko.transport: Compression: none
DEB [20230504-13:40:23.525] thr=1   paramiko.transport: === End of kex handshake ===
DEB [20230504-13:40:23.575] thr=1   paramiko.transport: kex engine KexCurve25519 specified hash_algo <built-in function openssl_sha256>
DEB [20230504-13:40:23.578] thr=1   paramiko.transport: Switch to new keys ...
DEB [20230504-13:40:23.581] thr=1   paramiko.transport: Got EXT_INFO: {'server-sig-algs': b'rsa-sha2-256,rsa-sha2-512'}
DEB [20230504-13:40:23.585] thr=2   paramiko.transport: Trying SSH agent key b'6a0b7b17170f6c0059fe0294ac2d5de7'
DEB [20230504-13:40:23.622] thr=1   paramiko.transport: userauth is OK
DEB [20230504-13:40:23.623] thr=1   paramiko.transport: Finalizing pubkey algorithm for key of type 'ssh-rsa'
DEB [20230504-13:40:23.623] thr=1   paramiko.transport: Our pubkey algorithm list: ['rsa-sha2-512', 'rsa-sha2-256', 'ssh-rsa']
DEB [20230504-13:40:23.623] thr=1   paramiko.transport: Server-side algorithm list: ['rsa-sha2-256', 'rsa-sha2-512']
DEB [20230504-13:40:23.624] thr=1   paramiko.transport: Agreed upon 'rsa-sha2-512' pubkey algorithm
INF [20230504-13:40:23.642] thr=1   paramiko.transport: Auth banner: b'\n            Access to this system is monitored and restricted to\n            authorised users.   If you do not have authorisation\n            to use  this system,  you should not  proceed beyond\n            this point and should disconnect immediately.\n\n            Unauthorised use could lead to prosecution.\n\n    (See also - http://www.stfc.ac.uk/aup)\n\n'
INF [20230504-13:40:23.644] thr=1   paramiko.transport: Authentication (publickey) successful!
DEB [20230504-13:40:23.645] thr=2   paramiko.transport: [chan 0] Max packet in: 32768 bytes
DEB [20230504-13:40:23.651] thr=1   paramiko.transport: Received global request "hostkeys-00@openssh.com"
DEB [20230504-13:40:23.652] thr=1   paramiko.transport: Rejecting "hostkeys-00@openssh.com" global request from server.
DEB [20230504-13:40:23.699] thr=1   paramiko.transport: [chan 0] Max packet out: 32768 bytes
DEB [20230504-13:40:23.700] thr=1   paramiko.transport: Secsh channel 0 opened.
DEB [20230504-13:40:23.706] thr=1   paramiko.transport: [chan 0] Sesch channel 0 request ok
INF [20230504-13:40:23.743] thr=2   paramiko.transport.sftp: [chan 0] Opened sftp connection (server version 3)
DEB [20230504-13:40:23.747] thr=2   paramiko.transport.sftp: [chan 0] open(b'/home/users/gobncas/aggregationscript.py', 'wb')
DEB [20230504-13:40:23.761] thr=2   paramiko.transport.sftp: [chan 0] open(b'/home/users/gobncas/aggregationscript.py', 'wb') -> 00000000
DEB [20230504-13:40:23.762] thr=2   paramiko.transport.sftp: [chan 0] close(00000000)
DEB [20230504-13:40:23.772] thr=2   paramiko.transport.sftp: [chan 0] stat(b'/home/users/gobncas/aggregationscript.py')
DEB [20230504-13:40:23.779] thr=2   paramiko.transport: [chan 1] Max packet in: 32768 bytes
DEB [20230504-13:40:23.784] thr=1   paramiko.transport: [chan 1] Max packet out: 32768 bytes
DEB [20230504-13:40:23.785] thr=1   paramiko.transport: Secsh channel 1 opened.
DEB [20230504-13:40:23.791] thr=1   paramiko.transport: [chan 1] Sesch channel 1 request ok
DEB [20230504-13:40:23.791] thr=2   paramiko.transport: [chan 1] EOF sent (1)
DEB [20230504-13:40:23.792] thr=2   paramiko.transport: [chan 2] Max packet in: 32768 bytes
DEB [20230504-13:40:23.826] thr=1   paramiko.transport: [chan 1] EOF received (1)
DEB [20230504-13:40:23.829] thr=1   paramiko.transport: [chan 2] Max packet out: 32768 bytes
DEB [20230504-13:40:23.829] thr=1   paramiko.transport: Secsh channel 2 opened.
DEB [20230504-13:40:23.877] thr=1   paramiko.transport: [chan 2] Sesch channel 2 request ok
DEB [20230504-13:40:23.909] thr=1   paramiko.transport: [chan 2] EOF received (2)
DEB [20230504-13:40:23.910] thr=2   paramiko.transport: [chan 2] EOF sent (2)
DEB [20230504-13:40:23.914] thr=2   paramiko.transport: [chan 3] Max packet in: 32768 bytes
DEB [20230504-13:40:23.959] thr=1   paramiko.transport: [chan 3] Max packet out: 32768 bytes
DEB [20230504-13:40:23.960] thr=1   paramiko.transport: Secsh channel 3 opened.
DEB [20230504-13:40:23.966] thr=1   paramiko.transport: [chan 3] Sesch channel 3 request ok
DEB [20230504-13:40:24.160] thr=1   paramiko.transport: [chan 3] EOF received (3)
DEB [20230504-13:40:24.162] thr=1   paramiko.transport: [chan 3] EOF sent (3)
DEB [20230504-13:40:24.163] thr=2   paramiko.transport: [chan 4] Max packet in: 32768 bytes
DEB [20230504-13:40:24.210] thr=1   paramiko.transport: [chan 4] Max packet out: 32768 bytes
DEB [20230504-13:40:24.211] thr=1   paramiko.transport: Secsh channel 4 opened.
DEB [20230504-13:40:24.220] thr=1   paramiko.transport: [chan 4] Sesch channel 4 request ok
DEB [20230504-13:40:25.272] thr=1   paramiko.transport: [chan 4] EOF received (4)
DEB [20230504-13:40:25.272] thr=1   paramiko.transport: [chan 4] EOF sent (4)
DEB [20230504-13:40:25.273] thr=2   paramiko.transport.sftp: [chan 0] remove(b'/home/users/gobncas/')
DEB [20230511-15:36:58.074] thr=1   paramiko.transport: starting thread (client mode): 0xc681dcd0
DEB [20230511-15:36:58.075] thr=1   paramiko.transport: Local version/idstring: SSH-2.0-paramiko_2.10.3
DEB [20230511-15:36:58.092] thr=1   paramiko.transport: Remote version/idstring: SSH-2.0-OpenSSH_7.4
INF [20230511-15:36:58.093] thr=1   paramiko.transport: Connected (version 2.0, client OpenSSH_7.4)
DEB [20230511-15:36:58.097] thr=1   paramiko.transport: === Key exchange possibilities ===
DEB [20230511-15:36:58.097] thr=1   paramiko.transport: kex algos: curve25519-sha256, curve25519-sha256@libssh.org, ecdh-sha2-nistp256, ecdh-sha2-nistp384, ecdh-sha2-nistp521, diffie-hellman-group-exchange-sha256, diffie-hellman-group16-sha512, diffie-hellman-group18-sha512, diffie-hellman-group-exchange-sha1, diffie-hellman-group14-sha256, diffie-hellman-group14-sha1, diffie-hellman-group1-sha1
DEB [20230511-15:36:58.097] thr=1   paramiko.transport: server key: ssh-rsa, rsa-sha2-512, rsa-sha2-256, ecdsa-sha2-nistp256, ssh-ed25519
DEB [20230511-15:36:58.097] thr=1   paramiko.transport: client encrypt: aes256-ctr, aes192-ctr, aes128-ctr
DEB [20230511-15:36:58.098] thr=1   paramiko.transport: server encrypt: aes256-ctr, aes192-ctr, aes128-ctr
DEB [20230511-15:36:58.098] thr=1   paramiko.transport: client mac: umac-64-etm@openssh.com, umac-128-etm@openssh.com, hmac-sha2-256-etm@openssh.com, hmac-sha2-512-etm@openssh.com, hmac-sha1-etm@openssh.com, umac-64@openssh.com, umac-128@openssh.com, hmac-sha2-256, hmac-sha2-512, hmac-sha1
DEB [20230511-15:36:58.098] thr=1   paramiko.transport: server mac: umac-64-etm@openssh.com, umac-128-etm@openssh.com, hmac-sha2-256-etm@openssh.com, hmac-sha2-512-etm@openssh.com, hmac-sha1-etm@openssh.com, umac-64@openssh.com, umac-128@openssh.com, hmac-sha2-256, hmac-sha2-512, hmac-sha1
DEB [20230511-15:36:58.098] thr=1   paramiko.transport: client compress: none, zlib@openssh.com
DEB [20230511-15:36:58.098] thr=1   paramiko.transport: server compress: none, zlib@openssh.com
DEB [20230511-15:36:58.098] thr=1   paramiko.transport: client lang: <none>
DEB [20230511-15:36:58.098] thr=1   paramiko.transport: server lang: <none>
DEB [20230511-15:36:58.098] thr=1   paramiko.transport: kex follows: False
DEB [20230511-15:36:58.098] thr=1   paramiko.transport: === Key exchange agreements ===
DEB [20230511-15:36:58.098] thr=1   paramiko.transport: Kex: curve25519-sha256@libssh.org
DEB [20230511-15:36:58.098] thr=1   paramiko.transport: HostKey: ecdsa-sha2-nistp256
DEB [20230511-15:36:58.098] thr=1   paramiko.transport: Cipher: aes128-ctr
DEB [20230511-15:36:58.098] thr=1   paramiko.transport: MAC: hmac-sha2-256
DEB [20230511-15:36:58.098] thr=1   paramiko.transport: Compression: none
DEB [20230511-15:36:58.099] thr=1   paramiko.transport: === End of kex handshake ===
DEB [20230511-15:36:58.154] thr=1   paramiko.transport: kex engine KexCurve25519 specified hash_algo <built-in function openssl_sha256>
DEB [20230511-15:36:58.156] thr=1   paramiko.transport: Switch to new keys ...
DEB [20230511-15:36:58.158] thr=1   paramiko.transport: Got EXT_INFO: {'server-sig-algs': b'rsa-sha2-256,rsa-sha2-512'}
DEB [20230511-15:36:58.165] thr=2   paramiko.transport: Trying SSH agent key b'6a0b7b17170f6c0059fe0294ac2d5de7'
DEB [20230511-15:36:58.203] thr=1   paramiko.transport: userauth is OK
DEB [20230511-15:36:58.203] thr=1   paramiko.transport: Finalizing pubkey algorithm for key of type 'ssh-rsa'
DEB [20230511-15:36:58.204] thr=1   paramiko.transport: Our pubkey algorithm list: ['rsa-sha2-512', 'rsa-sha2-256', 'ssh-rsa']
DEB [20230511-15:36:58.204] thr=1   paramiko.transport: Server-side algorithm list: ['rsa-sha2-256', 'rsa-sha2-512']
DEB [20230511-15:36:58.204] thr=1   paramiko.transport: Agreed upon 'rsa-sha2-512' pubkey algorithm
INF [20230511-15:36:58.221] thr=1   paramiko.transport: Auth banner: b'\n            Access to this system is monitored and restricted to\n            authorised users.   If you do not have authorisation\n            to use  this system,  you should not  proceed beyond\n            this point and should disconnect immediately.\n\n            Unauthorised use could lead to prosecution.\n\n    (See also - http://www.stfc.ac.uk/aup)\n\n'
INF [20230511-15:36:58.223] thr=1   paramiko.transport: Authentication (publickey) successful!
DEB [20230511-15:36:58.224] thr=2   paramiko.transport: [chan 0] Max packet in: 32768 bytes
DEB [20230511-15:36:58.233] thr=1   paramiko.transport: Received global request "hostkeys-00@openssh.com"
DEB [20230511-15:36:58.233] thr=1   paramiko.transport: Rejecting "hostkeys-00@openssh.com" global request from server.
DEB [20230511-15:36:58.281] thr=1   paramiko.transport: [chan 0] Max packet out: 32768 bytes
DEB [20230511-15:36:58.282] thr=1   paramiko.transport: Secsh channel 0 opened.
DEB [20230511-15:36:58.292] thr=1   paramiko.transport: [chan 0] Sesch channel 0 request ok
INF [20230511-15:36:58.332] thr=2   paramiko.transport.sftp: [chan 0] Opened sftp connection (server version 3)
DEB [20230511-15:36:58.332] thr=2   paramiko.transport.sftp: [chan 0] open(b'/home/users/gobncas/aggregationscript.py', 'wb')
DEB [20230511-15:36:58.342] thr=2   paramiko.transport.sftp: [chan 0] open(b'/home/users/gobncas/aggregationscript.py', 'wb') -> 00000000
DEB [20230511-15:36:58.343] thr=2   paramiko.transport.sftp: [chan 0] close(00000000)
DEB [20230511-15:36:58.359] thr=2   paramiko.transport.sftp: [chan 0] stat(b'/home/users/gobncas/aggregationscript.py')
DEB [20230511-15:36:58.368] thr=2   paramiko.transport: [chan 1] Max packet in: 32768 bytes
DEB [20230511-15:36:58.377] thr=1   paramiko.transport: [chan 1] Max packet out: 32768 bytes
DEB [20230511-15:36:58.377] thr=1   paramiko.transport: Secsh channel 1 opened.
DEB [20230511-15:36:58.391] thr=1   paramiko.transport: [chan 1] Sesch channel 1 request ok
DEB [20230511-15:36:58.392] thr=2   paramiko.transport: [chan 1] EOF sent (1)
DEB [20230511-15:36:58.393] thr=2   paramiko.transport: [chan 2] Max packet in: 32768 bytes
DEB [20230511-15:36:58.419] thr=1   paramiko.transport: [chan 1] EOF received (1)
DEB [20230511-15:36:58.426] thr=1   paramiko.transport: [chan 2] Max packet out: 32768 bytes
DEB [20230511-15:36:58.426] thr=1   paramiko.transport: Secsh channel 2 opened.
DEB [20230511-15:36:58.484] thr=1   paramiko.transport: [chan 2] Sesch channel 2 request ok
DEB [20230511-15:36:58.516] thr=1   paramiko.transport: [chan 2] EOF received (2)
DEB [20230511-15:36:58.517] thr=2   paramiko.transport: [chan 2] EOF sent (2)
DEB [20230511-15:36:58.520] thr=2   paramiko.transport: [chan 3] Max packet in: 32768 bytes
DEB [20230511-15:36:58.576] thr=1   paramiko.transport: [chan 3] Max packet out: 32768 bytes
DEB [20230511-15:36:58.576] thr=1   paramiko.transport: Secsh channel 3 opened.
DEB [20230511-15:36:58.589] thr=1   paramiko.transport: [chan 3] Sesch channel 3 request ok
DEB [20230511-15:36:58.688] thr=1   paramiko.transport: [chan 3] EOF received (3)
DEB [20230511-15:36:58.690] thr=1   paramiko.transport: [chan 3] EOF sent (3)
DEB [20230511-15:36:58.694] thr=2   paramiko.transport: [chan 4] Max packet in: 32768 bytes
DEB [20230511-15:36:58.750] thr=1   paramiko.transport: [chan 4] Max packet out: 32768 bytes
DEB [20230511-15:36:58.750] thr=1   paramiko.transport: Secsh channel 4 opened.
DEB [20230511-15:36:58.762] thr=1   paramiko.transport: [chan 4] Sesch channel 4 request ok
DEB [20230511-15:36:59.680] thr=1   paramiko.transport: [chan 4] EOF received (4)
DEB [20230511-15:36:59.680] thr=2   paramiko.transport.sftp: [chan 0] remove(b'/home/users/gobncas/')
DEB [20230511-15:36:59.681] thr=1   paramiko.transport: [chan 4] EOF sent (4)
DEB [20230821-14:56:49.797] thr=1   paramiko.transport: starting thread (client mode): 0x1de774c0
DEB [20230821-14:56:49.798] thr=1   paramiko.transport: Local version/idstring: SSH-2.0-paramiko_2.10.3
DEB [20230821-14:56:49.808] thr=1   paramiko.transport: Remote version/idstring: SSH-2.0-OpenSSH_7.4
INF [20230821-14:56:49.808] thr=1   paramiko.transport: Connected (version 2.0, client OpenSSH_7.4)
DEB [20230821-14:56:49.811] thr=1   paramiko.transport: === Key exchange possibilities ===
DEB [20230821-14:56:49.811] thr=1   paramiko.transport: kex algos: curve25519-sha256, curve25519-sha256@libssh.org, ecdh-sha2-nistp256, ecdh-sha2-nistp384, ecdh-sha2-nistp521, diffie-hellman-group-exchange-sha256, diffie-hellman-group16-sha512, diffie-hellman-group18-sha512, diffie-hellman-group-exchange-sha1, diffie-hellman-group14-sha256, diffie-hellman-group14-sha1, diffie-hellman-group1-sha1
DEB [20230821-14:56:49.812] thr=1   paramiko.transport: server key: ssh-rsa, rsa-sha2-512, rsa-sha2-256, ecdsa-sha2-nistp256, ssh-ed25519
DEB [20230821-14:56:49.812] thr=1   paramiko.transport: client encrypt: aes256-ctr, aes192-ctr, aes128-ctr
DEB [20230821-14:56:49.812] thr=1   paramiko.transport: server encrypt: aes256-ctr, aes192-ctr, aes128-ctr
DEB [20230821-14:56:49.812] thr=1   paramiko.transport: client mac: umac-64-etm@openssh.com, umac-128-etm@openssh.com, hmac-sha2-256-etm@openssh.com, hmac-sha2-512-etm@openssh.com, hmac-sha1-etm@openssh.com, umac-64@openssh.com, umac-128@openssh.com, hmac-sha2-256, hmac-sha2-512, hmac-sha1
DEB [20230821-14:56:49.812] thr=1   paramiko.transport: server mac: umac-64-etm@openssh.com, umac-128-etm@openssh.com, hmac-sha2-256-etm@openssh.com, hmac-sha2-512-etm@openssh.com, hmac-sha1-etm@openssh.com, umac-64@openssh.com, umac-128@openssh.com, hmac-sha2-256, hmac-sha2-512, hmac-sha1
DEB [20230821-14:56:49.812] thr=1   paramiko.transport: client compress: none, zlib@openssh.com
DEB [20230821-14:56:49.812] thr=1   paramiko.transport: server compress: none, zlib@openssh.com
DEB [20230821-14:56:49.812] thr=1   paramiko.transport: client lang: <none>
DEB [20230821-14:56:49.812] thr=1   paramiko.transport: server lang: <none>
DEB [20230821-14:56:49.812] thr=1   paramiko.transport: kex follows: False
DEB [20230821-14:56:49.812] thr=1   paramiko.transport: === Key exchange agreements ===
DEB [20230821-14:56:49.812] thr=1   paramiko.transport: Kex: curve25519-sha256@libssh.org
DEB [20230821-14:56:49.812] thr=1   paramiko.transport: HostKey: ecdsa-sha2-nistp256
DEB [20230821-14:56:49.812] thr=1   paramiko.transport: Cipher: aes128-ctr
DEB [20230821-14:56:49.812] thr=1   paramiko.transport: MAC: hmac-sha2-256
DEB [20230821-14:56:49.812] thr=1   paramiko.transport: Compression: none
DEB [20230821-14:56:49.813] thr=1   paramiko.transport: === End of kex handshake ===
DEB [20230821-14:56:49.860] thr=1   paramiko.transport: kex engine KexCurve25519 specified hash_algo <built-in function openssl_sha256>
DEB [20230821-14:56:49.861] thr=1   paramiko.transport: Switch to new keys ...
DEB [20230821-14:56:49.862] thr=1   paramiko.transport: Got EXT_INFO: {'server-sig-algs': b'rsa-sha2-256,rsa-sha2-512'}
DEB [20230821-14:56:49.863] thr=2   paramiko.transport: Trying SSH agent key b'6a0b7b17170f6c0059fe0294ac2d5de7'
DEB [20230821-14:56:49.907] thr=1   paramiko.transport: userauth is OK
DEB [20230821-14:56:49.908] thr=1   paramiko.transport: Finalizing pubkey algorithm for key of type 'ssh-rsa'
DEB [20230821-14:56:49.908] thr=1   paramiko.transport: Our pubkey algorithm list: ['rsa-sha2-512', 'rsa-sha2-256', 'ssh-rsa']
DEB [20230821-14:56:49.908] thr=1   paramiko.transport: Server-side algorithm list: ['rsa-sha2-256', 'rsa-sha2-512']
DEB [20230821-14:56:49.908] thr=1   paramiko.transport: Agreed upon 'rsa-sha2-512' pubkey algorithm
INF [20230821-14:56:49.925] thr=1   paramiko.transport: Auth banner: b'\n            Access to this system is monitored and restricted to\n            authorised users.   If you do not have authorisation\n            to use  this system,  you should not  proceed beyond\n            this point and should disconnect immediately.\n\n            Unauthorised use could lead to prosecution.\n\n    (See also - http://www.stfc.ac.uk/aup)\n\n'
INF [20230821-14:56:49.926] thr=1   paramiko.transport: Authentication (publickey) successful!
DEB [20230821-14:56:49.927] thr=2   paramiko.transport: [chan 0] Max packet in: 32768 bytes
DEB [20230821-14:56:49.931] thr=1   paramiko.transport: Received global request "hostkeys-00@openssh.com"
DEB [20230821-14:56:49.931] thr=1   paramiko.transport: Rejecting "hostkeys-00@openssh.com" global request from server.
DEB [20230821-14:56:49.976] thr=1   paramiko.transport: [chan 0] Max packet out: 32768 bytes
DEB [20230821-14:56:49.977] thr=1   paramiko.transport: Secsh channel 0 opened.
DEB [20230821-14:56:49.982] thr=1   paramiko.transport: [chan 0] Sesch channel 0 request ok
INF [20230821-14:56:51.078] thr=2   paramiko.transport.sftp: [chan 0] Opened sftp connection (server version 3)
DEB [20231120-13:38:11.234] thr=1   paramiko.transport: starting thread (client mode): 0x6c76efd0
DEB [20231120-13:38:11.236] thr=1   paramiko.transport: Local version/idstring: SSH-2.0-paramiko_2.10.3
DEB [20231120-13:38:11.245] thr=1   paramiko.transport: Remote version/idstring: SSH-2.0-OpenSSH_7.4
INF [20231120-13:38:11.245] thr=1   paramiko.transport: Connected (version 2.0, client OpenSSH_7.4)
DEB [20231120-13:38:11.248] thr=1   paramiko.transport: === Key exchange possibilities ===
DEB [20231120-13:38:11.248] thr=1   paramiko.transport: kex algos: curve25519-sha256, curve25519-sha256@libssh.org, ecdh-sha2-nistp256, ecdh-sha2-nistp384, ecdh-sha2-nistp521, diffie-hellman-group-exchange-sha256, diffie-hellman-group16-sha512, diffie-hellman-group18-sha512, diffie-hellman-group-exchange-sha1, diffie-hellman-group14-sha256, diffie-hellman-group14-sha1, diffie-hellman-group1-sha1
DEB [20231120-13:38:11.248] thr=1   paramiko.transport: server key: ssh-rsa, rsa-sha2-512, rsa-sha2-256, ecdsa-sha2-nistp256, ssh-ed25519
DEB [20231120-13:38:11.249] thr=1   paramiko.transport: client encrypt: aes256-ctr, aes192-ctr, aes128-ctr
DEB [20231120-13:38:11.249] thr=1   paramiko.transport: server encrypt: aes256-ctr, aes192-ctr, aes128-ctr
DEB [20231120-13:38:11.249] thr=1   paramiko.transport: client mac: umac-64-etm@openssh.com, umac-128-etm@openssh.com, hmac-sha2-256-etm@openssh.com, hmac-sha2-512-etm@openssh.com, hmac-sha1-etm@openssh.com, umac-64@openssh.com, umac-128@openssh.com, hmac-sha2-256, hmac-sha2-512, hmac-sha1
DEB [20231120-13:38:11.249] thr=1   paramiko.transport: server mac: umac-64-etm@openssh.com, umac-128-etm@openssh.com, hmac-sha2-256-etm@openssh.com, hmac-sha2-512-etm@openssh.com, hmac-sha1-etm@openssh.com, umac-64@openssh.com, umac-128@openssh.com, hmac-sha2-256, hmac-sha2-512, hmac-sha1
DEB [20231120-13:38:11.249] thr=1   paramiko.transport: client compress: none, zlib@openssh.com
DEB [20231120-13:38:11.249] thr=1   paramiko.transport: server compress: none, zlib@openssh.com
DEB [20231120-13:38:11.249] thr=1   paramiko.transport: client lang: <none>
DEB [20231120-13:38:11.249] thr=1   paramiko.transport: server lang: <none>
DEB [20231120-13:38:11.249] thr=1   paramiko.transport: kex follows: False
DEB [20231120-13:38:11.249] thr=1   paramiko.transport: === Key exchange agreements ===
DEB [20231120-13:38:11.249] thr=1   paramiko.transport: Kex: curve25519-sha256@libssh.org
DEB [20231120-13:38:11.249] thr=1   paramiko.transport: HostKey: ecdsa-sha2-nistp256
DEB [20231120-13:38:11.249] thr=1   paramiko.transport: Cipher: aes128-ctr
DEB [20231120-13:38:11.249] thr=1   paramiko.transport: MAC: hmac-sha2-256
DEB [20231120-13:38:11.249] thr=1   paramiko.transport: Compression: none
DEB [20231120-13:38:11.249] thr=1   paramiko.transport: === End of kex handshake ===
DEB [20231120-13:38:11.300] thr=1   paramiko.transport: kex engine KexCurve25519 specified hash_algo <built-in function openssl_sha256>
DEB [20231120-13:38:11.303] thr=1   paramiko.transport: Switch to new keys ...
DEB [20231120-13:38:11.307] thr=1   paramiko.transport: Got EXT_INFO: {'server-sig-algs': b'rsa-sha2-256,rsa-sha2-512'}
DEB [20231120-13:38:11.308] thr=2   paramiko.transport: Trying SSH agent key b'6a0b7b17170f6c0059fe0294ac2d5de7'
DEB [20231120-13:38:11.347] thr=1   paramiko.transport: userauth is OK
DEB [20231120-13:38:11.349] thr=1   paramiko.transport: Finalizing pubkey algorithm for key of type 'ssh-rsa'
DEB [20231120-13:38:11.350] thr=1   paramiko.transport: Our pubkey algorithm list: ['rsa-sha2-512', 'rsa-sha2-256', 'ssh-rsa']
DEB [20231120-13:38:11.350] thr=1   paramiko.transport: Server-side algorithm list: ['rsa-sha2-256', 'rsa-sha2-512']
DEB [20231120-13:38:11.351] thr=1   paramiko.transport: Agreed upon 'rsa-sha2-512' pubkey algorithm
INF [20231120-13:38:11.362] thr=1   paramiko.transport: Auth banner: b'\n            Access to this system is monitored and restricted to\n            authorised users.   If you do not have authorisation\n            to use  this system,  you should not  proceed beyond\n            this point and should disconnect immediately.\n\n            Unauthorised use could lead to prosecution.\n\n    (See also - http://www.stfc.ac.uk/aup)\n\n'
INF [20231120-13:38:11.364] thr=1   paramiko.transport: Authentication (publickey) failed.
DEB [20231120-13:38:11.367] thr=2   paramiko.transport: Trying SSH agent key b'885c5aec29557ce2f080e0cebc48081c'
DEB [20231120-13:38:11.372] thr=1   paramiko.transport: userauth is OK
DEB [20231120-13:38:11.373] thr=1   paramiko.transport: Finalizing pubkey algorithm for key of type 'ssh-rsa'
DEB [20231120-13:38:11.373] thr=1   paramiko.transport: Our pubkey algorithm list: ['rsa-sha2-512', 'rsa-sha2-256', 'ssh-rsa']
DEB [20231120-13:38:11.373] thr=1   paramiko.transport: Server-side algorithm list: ['rsa-sha2-256', 'rsa-sha2-512']
DEB [20231120-13:38:11.373] thr=1   paramiko.transport: Agreed upon 'rsa-sha2-512' pubkey algorithm
INF [20231120-13:38:11.386] thr=1   paramiko.transport: Authentication (publickey) successful!
DEB [20231120-13:38:11.386] thr=2   paramiko.transport: [chan 0] Max packet in: 32768 bytes
DEB [20231120-13:38:11.390] thr=1   paramiko.transport: Received global request "hostkeys-00@openssh.com"
DEB [20231120-13:38:11.390] thr=1   paramiko.transport: Rejecting "hostkeys-00@openssh.com" global request from server.
DEB [20231120-13:38:11.434] thr=1   paramiko.transport: [chan 0] Max packet out: 32768 bytes
DEB [20231120-13:38:11.435] thr=1   paramiko.transport: Secsh channel 0 opened.
DEB [20231120-13:38:11.441] thr=1   paramiko.transport: [chan 0] Sesch channel 0 request ok
INF [20231120-13:38:12.459] thr=2   paramiko.transport.sftp: [chan 0] Opened sftp connection (server version 3)
DEB [20240111-09:31:11.752] thr=1   paramiko.transport: starting thread (client mode): 0xc547d940
DEB [20240111-09:31:11.753] thr=1   paramiko.transport: Local version/idstring: SSH-2.0-paramiko_2.10.3
DEB [20240111-09:31:11.767] thr=1   paramiko.transport: Remote version/idstring: SSH-2.0-OpenSSH_7.4
INF [20240111-09:31:11.767] thr=1   paramiko.transport: Connected (version 2.0, client OpenSSH_7.4)
DEB [20240111-09:31:11.770] thr=1   paramiko.transport: === Key exchange possibilities ===
DEB [20240111-09:31:11.770] thr=1   paramiko.transport: kex algos: curve25519-sha256, curve25519-sha256@libssh.org, ecdh-sha2-nistp256, ecdh-sha2-nistp384, ecdh-sha2-nistp521, diffie-hellman-group-exchange-sha256, diffie-hellman-group16-sha512, diffie-hellman-group18-sha512, diffie-hellman-group-exchange-sha1, diffie-hellman-group14-sha256, diffie-hellman-group14-sha1, diffie-hellman-group1-sha1
DEB [20240111-09:31:11.770] thr=1   paramiko.transport: server key: ssh-rsa, rsa-sha2-512, rsa-sha2-256, ecdsa-sha2-nistp256, ssh-ed25519
DEB [20240111-09:31:11.770] thr=1   paramiko.transport: client encrypt: aes256-ctr, aes192-ctr, aes128-ctr
DEB [20240111-09:31:11.771] thr=1   paramiko.transport: server encrypt: aes256-ctr, aes192-ctr, aes128-ctr
DEB [20240111-09:31:11.771] thr=1   paramiko.transport: client mac: umac-64-etm@openssh.com, umac-128-etm@openssh.com, hmac-sha2-256-etm@openssh.com, hmac-sha2-512-etm@openssh.com, hmac-sha1-etm@openssh.com, umac-64@openssh.com, umac-128@openssh.com, hmac-sha2-256, hmac-sha2-512, hmac-sha1
DEB [20240111-09:31:11.771] thr=1   paramiko.transport: server mac: umac-64-etm@openssh.com, umac-128-etm@openssh.com, hmac-sha2-256-etm@openssh.com, hmac-sha2-512-etm@openssh.com, hmac-sha1-etm@openssh.com, umac-64@openssh.com, umac-128@openssh.com, hmac-sha2-256, hmac-sha2-512, hmac-sha1
DEB [20240111-09:31:11.771] thr=1   paramiko.transport: client compress: none, zlib@openssh.com
DEB [20240111-09:31:11.771] thr=1   paramiko.transport: server compress: none, zlib@openssh.com
DEB [20240111-09:31:11.771] thr=1   paramiko.transport: client lang: <none>
DEB [20240111-09:31:11.771] thr=1   paramiko.transport: server lang: <none>
DEB [20240111-09:31:11.771] thr=1   paramiko.transport: kex follows: False
DEB [20240111-09:31:11.771] thr=1   paramiko.transport: === Key exchange agreements ===
DEB [20240111-09:31:11.771] thr=1   paramiko.transport: Kex: curve25519-sha256@libssh.org
DEB [20240111-09:31:11.771] thr=1   paramiko.transport: HostKey: ssh-ed25519
DEB [20240111-09:31:11.771] thr=1   paramiko.transport: Cipher: aes128-ctr
DEB [20240111-09:31:11.771] thr=1   paramiko.transport: MAC: hmac-sha2-256
DEB [20240111-09:31:11.771] thr=1   paramiko.transport: Compression: none
DEB [20240111-09:31:11.771] thr=1   paramiko.transport: === End of kex handshake ===
DEB [20240111-09:31:11.822] thr=1   paramiko.transport: kex engine KexCurve25519 specified hash_algo <built-in function openssl_sha256>
DEB [20240111-09:31:11.823] thr=1   paramiko.transport: Switch to new keys ...
DEB [20240111-09:31:11.823] thr=2   paramiko.transport: Rejecting ssh-ed25519 host key for xfer1.jasmin.ac.uk: b'fdd3c36740ac13815a37b06ae6edf134'
DEB [20240111-09:31:11.823] thr=1   paramiko.transport: Got EXT_INFO: {'server-sig-algs': b'rsa-sha2-256,rsa-sha2-512'}
DEB [20240111-09:32:02.403] thr=1   paramiko.transport: starting thread (client mode): 0xfbabcdf0
DEB [20240111-09:32:02.403] thr=1   paramiko.transport: Local version/idstring: SSH-2.0-paramiko_2.10.3
DEB [20240111-09:32:02.404] thr=1   paramiko.transport: Remote version/idstring: SSH-2.0-OpenSSH_7.4
INF [20240111-09:32:02.404] thr=1   paramiko.transport: Connected (version 2.0, client OpenSSH_7.4)
DEB [20240111-09:32:02.410] thr=1   paramiko.transport: === Key exchange possibilities ===
DEB [20240111-09:32:02.411] thr=1   paramiko.transport: kex algos: curve25519-sha256, curve25519-sha256@libssh.org, ecdh-sha2-nistp256, ecdh-sha2-nistp384, ecdh-sha2-nistp521, diffie-hellman-group-exchange-sha256, diffie-hellman-group16-sha512, diffie-hellman-group18-sha512, diffie-hellman-group-exchange-sha1, diffie-hellman-group14-sha256, diffie-hellman-group14-sha1, diffie-hellman-group1-sha1
DEB [20240111-09:32:02.411] thr=1   paramiko.transport: server key: ssh-rsa, rsa-sha2-512, rsa-sha2-256, ecdsa-sha2-nistp256, ssh-ed25519
DEB [20240111-09:32:02.412] thr=1   paramiko.transport: client encrypt: aes256-ctr, aes192-ctr, aes128-ctr
DEB [20240111-09:32:02.412] thr=1   paramiko.transport: server encrypt: aes256-ctr, aes192-ctr, aes128-ctr
DEB [20240111-09:32:02.412] thr=1   paramiko.transport: client mac: umac-64-etm@openssh.com, umac-128-etm@openssh.com, hmac-sha2-256-etm@openssh.com, hmac-sha2-512-etm@openssh.com, hmac-sha1-etm@openssh.com, umac-64@openssh.com, umac-128@openssh.com, hmac-sha2-256, hmac-sha2-512, hmac-sha1
DEB [20240111-09:32:02.412] thr=1   paramiko.transport: server mac: umac-64-etm@openssh.com, umac-128-etm@openssh.com, hmac-sha2-256-etm@openssh.com, hmac-sha2-512-etm@openssh.com, hmac-sha1-etm@openssh.com, umac-64@openssh.com, umac-128@openssh.com, hmac-sha2-256, hmac-sha2-512, hmac-sha1
DEB [20240111-09:32:02.412] thr=1   paramiko.transport: client compress: none, zlib@openssh.com
DEB [20240111-09:32:02.412] thr=1   paramiko.transport: server compress: none, zlib@openssh.com
DEB [20240111-09:32:02.412] thr=1   paramiko.transport: client lang: <none>
DEB [20240111-09:32:02.412] thr=1   paramiko.transport: server lang: <none>
DEB [20240111-09:32:02.412] thr=1   paramiko.transport: kex follows: False
DEB [20240111-09:32:02.412] thr=1   paramiko.transport: === Key exchange agreements ===
DEB [20240111-09:32:02.413] thr=1   paramiko.transport: Kex: curve25519-sha256@libssh.org
DEB [20240111-09:32:02.413] thr=1   paramiko.transport: HostKey: ecdsa-sha2-nistp256
DEB [20240111-09:32:02.413] thr=1   paramiko.transport: Cipher: aes128-ctr
DEB [20240111-09:32:02.413] thr=1   paramiko.transport: MAC: hmac-sha2-256
DEB [20240111-09:32:02.413] thr=1   paramiko.transport: Compression: none
DEB [20240111-09:32:02.413] thr=1   paramiko.transport: === End of kex handshake ===
DEB [20240111-09:32:02.462] thr=1   paramiko.transport: kex engine KexCurve25519 specified hash_algo <built-in function openssl_sha256>
DEB [20240111-09:32:02.462] thr=1   paramiko.transport: Switch to new keys ...
DEB [20240111-09:32:02.463] thr=1   paramiko.transport: Got EXT_INFO: {'server-sig-algs': b'rsa-sha2-256,rsa-sha2-512'}
DEB [20240111-09:32:02.464] thr=2   paramiko.transport: Trying SSH agent key b'218c9c4fc702c9667a1140961ef66875'
DEB [20240111-09:32:02.508] thr=1   paramiko.transport: userauth is OK
DEB [20240111-09:32:02.509] thr=1   paramiko.transport: Finalizing pubkey algorithm for key of type 'ssh-rsa'
DEB [20240111-09:32:02.510] thr=1   paramiko.transport: Our pubkey algorithm list: ['rsa-sha2-512', 'rsa-sha2-256', 'ssh-rsa']
DEB [20240111-09:32:02.511] thr=1   paramiko.transport: Server-side algorithm list: ['rsa-sha2-256', 'rsa-sha2-512']
DEB [20240111-09:32:02.511] thr=1   paramiko.transport: Agreed upon 'rsa-sha2-512' pubkey algorithm
INF [20240111-09:32:02.525] thr=1   paramiko.transport: Auth banner: b'\n            Access to this system is monitored and restricted to\n            authorised users.   If you do not have authorisation\n            to use  this system,  you should not  proceed beyond\n            this point and should disconnect immediately.\n\n            Unauthorised use could lead to prosecution.\n\n    (See also - http://www.stfc.ac.uk/aup)\n\n'
INF [20240111-09:32:02.526] thr=1   paramiko.transport: Authentication (publickey) successful!
DEB [20240111-09:32:02.526] thr=2   paramiko.transport: [chan 0] Max packet in: 32768 bytes
DEB [20240111-09:32:02.533] thr=1   paramiko.transport: Received global request "hostkeys-00@openssh.com"
DEB [20240111-09:32:02.533] thr=1   paramiko.transport: Rejecting "hostkeys-00@openssh.com" global request from server.
DEB [20240111-09:32:02.580] thr=1   paramiko.transport: [chan 0] Max packet out: 32768 bytes
DEB [20240111-09:32:02.580] thr=1   paramiko.transport: Secsh channel 0 opened.
DEB [20240111-09:32:02.588] thr=1   paramiko.transport: [chan 0] Sesch channel 0 request ok
INF [20240111-09:32:03.630] thr=2   paramiko.transport.sftp: [chan 0] Opened sftp connection (server version 3)
DEB [20240111-09:33:14.680] thr=1   paramiko.transport: starting thread (client mode): 0x729c910
DEB [20240111-09:33:14.680] thr=1   paramiko.transport: Local version/idstring: SSH-2.0-paramiko_2.10.3
DEB [20240111-09:33:14.693] thr=1   paramiko.transport: Remote version/idstring: SSH-2.0-OpenSSH_7.4
INF [20240111-09:33:14.693] thr=1   paramiko.transport: Connected (version 2.0, client OpenSSH_7.4)
DEB [20240111-09:33:14.696] thr=1   paramiko.transport: === Key exchange possibilities ===
DEB [20240111-09:33:14.697] thr=1   paramiko.transport: kex algos: curve25519-sha256, curve25519-sha256@libssh.org, ecdh-sha2-nistp256, ecdh-sha2-nistp384, ecdh-sha2-nistp521, diffie-hellman-group-exchange-sha256, diffie-hellman-group16-sha512, diffie-hellman-group18-sha512, diffie-hellman-group-exchange-sha1, diffie-hellman-group14-sha256, diffie-hellman-group14-sha1, diffie-hellman-group1-sha1
DEB [20240111-09:33:14.697] thr=1   paramiko.transport: server key: ssh-rsa, rsa-sha2-512, rsa-sha2-256, ecdsa-sha2-nistp256, ssh-ed25519
DEB [20240111-09:33:14.697] thr=1   paramiko.transport: client encrypt: aes256-ctr, aes192-ctr, aes128-ctr
DEB [20240111-09:33:14.697] thr=1   paramiko.transport: server encrypt: aes256-ctr, aes192-ctr, aes128-ctr
DEB [20240111-09:33:14.697] thr=1   paramiko.transport: client mac: umac-64-etm@openssh.com, umac-128-etm@openssh.com, hmac-sha2-256-etm@openssh.com, hmac-sha2-512-etm@openssh.com, hmac-sha1-etm@openssh.com, umac-64@openssh.com, umac-128@openssh.com, hmac-sha2-256, hmac-sha2-512, hmac-sha1
DEB [20240111-09:33:14.697] thr=1   paramiko.transport: server mac: umac-64-etm@openssh.com, umac-128-etm@openssh.com, hmac-sha2-256-etm@openssh.com, hmac-sha2-512-etm@openssh.com, hmac-sha1-etm@openssh.com, umac-64@openssh.com, umac-128@openssh.com, hmac-sha2-256, hmac-sha2-512, hmac-sha1
DEB [20240111-09:33:14.697] thr=1   paramiko.transport: client compress: none, zlib@openssh.com
DEB [20240111-09:33:14.698] thr=1   paramiko.transport: server compress: none, zlib@openssh.com
DEB [20240111-09:33:14.698] thr=1   paramiko.transport: client lang: <none>
DEB [20240111-09:33:14.698] thr=1   paramiko.transport: server lang: <none>
DEB [20240111-09:33:14.698] thr=1   paramiko.transport: kex follows: False
DEB [20240111-09:33:14.698] thr=1   paramiko.transport: === Key exchange agreements ===
DEB [20240111-09:33:14.698] thr=1   paramiko.transport: Kex: curve25519-sha256@libssh.org
DEB [20240111-09:33:14.698] thr=1   paramiko.transport: HostKey: ecdsa-sha2-nistp256
DEB [20240111-09:33:14.699] thr=1   paramiko.transport: Cipher: aes128-ctr
DEB [20240111-09:33:14.699] thr=1   paramiko.transport: MAC: hmac-sha2-256
DEB [20240111-09:33:14.699] thr=1   paramiko.transport: Compression: none
DEB [20240111-09:33:14.699] thr=1   paramiko.transport: === End of kex handshake ===
DEB [20240111-09:33:14.751] thr=1   paramiko.transport: kex engine KexCurve25519 specified hash_algo <built-in function openssl_sha256>
DEB [20240111-09:33:14.753] thr=1   paramiko.transport: Switch to new keys ...
DEB [20240111-09:33:14.756] thr=1   paramiko.transport: Got EXT_INFO: {'server-sig-algs': b'rsa-sha2-256,rsa-sha2-512'}
DEB [20240111-09:33:14.757] thr=2   paramiko.transport: Trying SSH agent key b'218c9c4fc702c9667a1140961ef66875'
DEB [20240111-09:33:14.797] thr=1   paramiko.transport: userauth is OK
DEB [20240111-09:33:14.797] thr=1   paramiko.transport: Finalizing pubkey algorithm for key of type 'ssh-rsa'
DEB [20240111-09:33:14.797] thr=1   paramiko.transport: Our pubkey algorithm list: ['rsa-sha2-512', 'rsa-sha2-256', 'ssh-rsa']
DEB [20240111-09:33:14.797] thr=1   paramiko.transport: Server-side algorithm list: ['rsa-sha2-256', 'rsa-sha2-512']
DEB [20240111-09:33:14.798] thr=1   paramiko.transport: Agreed upon 'rsa-sha2-512' pubkey algorithm
INF [20240111-09:33:14.810] thr=1   paramiko.transport: Auth banner: b'\n            Access to this system is monitored and restricted to\n            authorised users.   If you do not have authorisation\n            to use  this system,  you should not  proceed beyond\n            this point and should disconnect immediately.\n\n            Unauthorised use could lead to prosecution.\n\n    (See also - http://www.stfc.ac.uk/aup)\n\n'
INF [20240111-09:33:14.814] thr=1   paramiko.transport: Authentication (publickey) successful!
DEB [20240111-09:33:14.816] thr=2   paramiko.transport: [chan 0] Max packet in: 32768 bytes
DEB [20240111-09:33:14.821] thr=1   paramiko.transport: Received global request "hostkeys-00@openssh.com"
DEB [20240111-09:33:14.821] thr=1   paramiko.transport: Rejecting "hostkeys-00@openssh.com" global request from server.
DEB [20240111-09:33:14.868] thr=1   paramiko.transport: [chan 0] Max packet out: 32768 bytes
DEB [20240111-09:33:14.868] thr=1   paramiko.transport: Secsh channel 0 opened.
DEB [20240111-09:33:14.873] thr=1   paramiko.transport: [chan 0] Sesch channel 0 request ok
INF [20240111-09:33:16.033] thr=2   paramiko.transport.sftp: [chan 0] Opened sftp connection (server version 3)
DEB [20240111-09:33:54.336] thr=1   paramiko.transport: starting thread (client mode): 0xba664eb0
DEB [20240111-09:33:54.336] thr=1   paramiko.transport: Local version/idstring: SSH-2.0-paramiko_2.10.3
DEB [20240111-09:33:54.348] thr=1   paramiko.transport: Remote version/idstring: SSH-2.0-OpenSSH_7.4
INF [20240111-09:33:54.348] thr=1   paramiko.transport: Connected (version 2.0, client OpenSSH_7.4)
DEB [20240111-09:33:54.351] thr=1   paramiko.transport: === Key exchange possibilities ===
DEB [20240111-09:33:54.352] thr=1   paramiko.transport: kex algos: curve25519-sha256, curve25519-sha256@libssh.org, ecdh-sha2-nistp256, ecdh-sha2-nistp384, ecdh-sha2-nistp521, diffie-hellman-group-exchange-sha256, diffie-hellman-group16-sha512, diffie-hellman-group18-sha512, diffie-hellman-group-exchange-sha1, diffie-hellman-group14-sha256, diffie-hellman-group14-sha1, diffie-hellman-group1-sha1
DEB [20240111-09:33:54.352] thr=1   paramiko.transport: server key: ssh-rsa, rsa-sha2-512, rsa-sha2-256, ecdsa-sha2-nistp256, ssh-ed25519
DEB [20240111-09:33:54.352] thr=1   paramiko.transport: client encrypt: aes256-ctr, aes192-ctr, aes128-ctr
DEB [20240111-09:33:54.352] thr=1   paramiko.transport: server encrypt: aes256-ctr, aes192-ctr, aes128-ctr
DEB [20240111-09:33:54.352] thr=1   paramiko.transport: client mac: umac-64-etm@openssh.com, umac-128-etm@openssh.com, hmac-sha2-256-etm@openssh.com, hmac-sha2-512-etm@openssh.com, hmac-sha1-etm@openssh.com, umac-64@openssh.com, umac-128@openssh.com, hmac-sha2-256, hmac-sha2-512, hmac-sha1
DEB [20240111-09:33:54.352] thr=1   paramiko.transport: server mac: umac-64-etm@openssh.com, umac-128-etm@openssh.com, hmac-sha2-256-etm@openssh.com, hmac-sha2-512-etm@openssh.com, hmac-sha1-etm@openssh.com, umac-64@openssh.com, umac-128@openssh.com, hmac-sha2-256, hmac-sha2-512, hmac-sha1
DEB [20240111-09:33:54.352] thr=1   paramiko.transport: client compress: none, zlib@openssh.com
DEB [20240111-09:33:54.352] thr=1   paramiko.transport: server compress: none, zlib@openssh.com
DEB [20240111-09:33:54.352] thr=1   paramiko.transport: client lang: <none>
DEB [20240111-09:33:54.352] thr=1   paramiko.transport: server lang: <none>
DEB [20240111-09:33:54.352] thr=1   paramiko.transport: kex follows: False
DEB [20240111-09:33:54.352] thr=1   paramiko.transport: === Key exchange agreements ===
DEB [20240111-09:33:54.352] thr=1   paramiko.transport: Kex: curve25519-sha256@libssh.org
DEB [20240111-09:33:54.352] thr=1   paramiko.transport: HostKey: ecdsa-sha2-nistp256
DEB [20240111-09:33:54.352] thr=1   paramiko.transport: Cipher: aes128-ctr
DEB [20240111-09:33:54.352] thr=1   paramiko.transport: MAC: hmac-sha2-256
DEB [20240111-09:33:54.352] thr=1   paramiko.transport: Compression: none
DEB [20240111-09:33:54.353] thr=1   paramiko.transport: === End of kex handshake ===
DEB [20240111-09:33:54.402] thr=1   paramiko.transport: kex engine KexCurve25519 specified hash_algo <built-in function openssl_sha256>
DEB [20240111-09:33:54.402] thr=1   paramiko.transport: Switch to new keys ...
DEB [20240111-09:33:54.402] thr=1   paramiko.transport: Got EXT_INFO: {'server-sig-algs': b'rsa-sha2-256,rsa-sha2-512'}
DEB [20240111-09:33:54.403] thr=2   paramiko.transport: Trying SSH agent key b'218c9c4fc702c9667a1140961ef66875'
DEB [20240111-09:33:54.448] thr=1   paramiko.transport: userauth is OK
DEB [20240111-09:33:54.449] thr=1   paramiko.transport: Finalizing pubkey algorithm for key of type 'ssh-rsa'
DEB [20240111-09:33:54.450] thr=1   paramiko.transport: Our pubkey algorithm list: ['rsa-sha2-512', 'rsa-sha2-256', 'ssh-rsa']
DEB [20240111-09:33:54.450] thr=1   paramiko.transport: Server-side algorithm list: ['rsa-sha2-256', 'rsa-sha2-512']
DEB [20240111-09:33:54.450] thr=1   paramiko.transport: Agreed upon 'rsa-sha2-512' pubkey algorithm
INF [20240111-09:33:54.465] thr=1   paramiko.transport: Auth banner: b'\n            Access to this system is monitored and restricted to\n            authorised users.   If you do not have authorisation\n            to use  this system,  you should not  proceed beyond\n            this point and should disconnect immediately.\n\n            Unauthorised use could lead to prosecution.\n\n    (See also - http://www.stfc.ac.uk/aup)\n\n'
INF [20240111-09:33:54.465] thr=1   paramiko.transport: Authentication (publickey) successful!
DEB [20240111-09:33:54.466] thr=2   paramiko.transport: [chan 0] Max packet in: 32768 bytes
DEB [20240111-09:33:54.472] thr=1   paramiko.transport: Received global request "hostkeys-00@openssh.com"
DEB [20240111-09:33:54.472] thr=1   paramiko.transport: Rejecting "hostkeys-00@openssh.com" global request from server.
DEB [20240111-09:33:54.516] thr=1   paramiko.transport: [chan 0] Max packet out: 32768 bytes
DEB [20240111-09:33:54.517] thr=1   paramiko.transport: Secsh channel 0 opened.
DEB [20240111-09:33:54.524] thr=1   paramiko.transport: [chan 0] Sesch channel 0 request ok
INF [20240111-09:33:55.749] thr=2   paramiko.transport.sftp: [chan 0] Opened sftp connection (server version 3)
DEB [20240111-09:34:26.662] thr=1   paramiko.transport: starting thread (client mode): 0xc66ce1c0
DEB [20240111-09:34:26.662] thr=1   paramiko.transport: Local version/idstring: SSH-2.0-paramiko_2.10.3
DEB [20240111-09:34:26.674] thr=1   paramiko.transport: Remote version/idstring: SSH-2.0-OpenSSH_7.4
INF [20240111-09:34:26.674] thr=1   paramiko.transport: Connected (version 2.0, client OpenSSH_7.4)
DEB [20240111-09:34:26.678] thr=1   paramiko.transport: === Key exchange possibilities ===
DEB [20240111-09:34:26.678] thr=1   paramiko.transport: kex algos: curve25519-sha256, curve25519-sha256@libssh.org, ecdh-sha2-nistp256, ecdh-sha2-nistp384, ecdh-sha2-nistp521, diffie-hellman-group-exchange-sha256, diffie-hellman-group16-sha512, diffie-hellman-group18-sha512, diffie-hellman-group-exchange-sha1, diffie-hellman-group14-sha256, diffie-hellman-group14-sha1, diffie-hellman-group1-sha1
DEB [20240111-09:34:26.679] thr=1   paramiko.transport: server key: ssh-rsa, rsa-sha2-512, rsa-sha2-256, ecdsa-sha2-nistp256, ssh-ed25519
DEB [20240111-09:34:26.679] thr=1   paramiko.transport: client encrypt: aes256-ctr, aes192-ctr, aes128-ctr
DEB [20240111-09:34:26.680] thr=1   paramiko.transport: server encrypt: aes256-ctr, aes192-ctr, aes128-ctr
DEB [20240111-09:34:26.680] thr=1   paramiko.transport: client mac: umac-64-etm@openssh.com, umac-128-etm@openssh.com, hmac-sha2-256-etm@openssh.com, hmac-sha2-512-etm@openssh.com, hmac-sha1-etm@openssh.com, umac-64@openssh.com, umac-128@openssh.com, hmac-sha2-256, hmac-sha2-512, hmac-sha1
DEB [20240111-09:34:26.681] thr=1   paramiko.transport: server mac: umac-64-etm@openssh.com, umac-128-etm@openssh.com, hmac-sha2-256-etm@openssh.com, hmac-sha2-512-etm@openssh.com, hmac-sha1-etm@openssh.com, umac-64@openssh.com, umac-128@openssh.com, hmac-sha2-256, hmac-sha2-512, hmac-sha1
DEB [20240111-09:34:26.681] thr=1   paramiko.transport: client compress: none, zlib@openssh.com
DEB [20240111-09:34:26.682] thr=1   paramiko.transport: server compress: none, zlib@openssh.com
DEB [20240111-09:34:26.682] thr=1   paramiko.transport: client lang: <none>
DEB [20240111-09:34:26.682] thr=1   paramiko.transport: server lang: <none>
DEB [20240111-09:34:26.683] thr=1   paramiko.transport: kex follows: False
DEB [20240111-09:34:26.683] thr=1   paramiko.transport: === Key exchange agreements ===
DEB [20240111-09:34:26.685] thr=1   paramiko.transport: Kex: curve25519-sha256@libssh.org
DEB [20240111-09:34:26.685] thr=1   paramiko.transport: HostKey: ecdsa-sha2-nistp256
DEB [20240111-09:34:26.686] thr=1   paramiko.transport: Cipher: aes128-ctr
DEB [20240111-09:34:26.686] thr=1   paramiko.transport: MAC: hmac-sha2-256
DEB [20240111-09:34:26.686] thr=1   paramiko.transport: Compression: none
DEB [20240111-09:34:26.686] thr=1   paramiko.transport: === End of kex handshake ===
DEB [20240111-09:34:26.729] thr=1   paramiko.transport: kex engine KexCurve25519 specified hash_algo <built-in function openssl_sha256>
DEB [20240111-09:34:26.730] thr=1   paramiko.transport: Switch to new keys ...
DEB [20240111-09:34:26.731] thr=1   paramiko.transport: Got EXT_INFO: {'server-sig-algs': b'rsa-sha2-256,rsa-sha2-512'}
DEB [20240111-09:34:26.734] thr=2   paramiko.transport: Trying SSH agent key b'218c9c4fc702c9667a1140961ef66875'
DEB [20240111-09:34:26.776] thr=1   paramiko.transport: userauth is OK
DEB [20240111-09:34:26.777] thr=1   paramiko.transport: Finalizing pubkey algorithm for key of type 'ssh-rsa'
DEB [20240111-09:34:26.777] thr=1   paramiko.transport: Our pubkey algorithm list: ['rsa-sha2-512', 'rsa-sha2-256', 'ssh-rsa']
DEB [20240111-09:34:26.778] thr=1   paramiko.transport: Server-side algorithm list: ['rsa-sha2-256', 'rsa-sha2-512']
DEB [20240111-09:34:26.778] thr=1   paramiko.transport: Agreed upon 'rsa-sha2-512' pubkey algorithm
INF [20240111-09:34:26.791] thr=1   paramiko.transport: Auth banner: b'\n            Access to this system is monitored and restricted to\n            authorised users.   If you do not have authorisation\n            to use  this system,  you should not  proceed beyond\n            this point and should disconnect immediately.\n\n            Unauthorised use could lead to prosecution.\n\n    (See also - http://www.stfc.ac.uk/aup)\n\n'
INF [20240111-09:34:26.791] thr=1   paramiko.transport: Authentication (publickey) successful!
DEB [20240111-09:34:26.792] thr=2   paramiko.transport: [chan 0] Max packet in: 32768 bytes
DEB [20240111-09:34:26.798] thr=1   paramiko.transport: Received global request "hostkeys-00@openssh.com"
DEB [20240111-09:34:26.799] thr=1   paramiko.transport: Rejecting "hostkeys-00@openssh.com" global request from server.
DEB [20240111-09:34:26.844] thr=1   paramiko.transport: [chan 0] Max packet out: 32768 bytes
DEB [20240111-09:34:26.844] thr=1   paramiko.transport: Secsh channel 0 opened.
DEB [20240111-09:34:26.850] thr=1   paramiko.transport: [chan 0] Sesch channel 0 request ok
INF [20240111-09:34:27.859] thr=2   paramiko.transport.sftp: [chan 0] Opened sftp connection (server version 3)
DEB [20240111-09:34:27.860] thr=2   paramiko.transport.sftp: [chan 0] open(b'/home/users/gobncas', 'wb')
DEB [20240111-09:35:36.769] thr=1   paramiko.transport: starting thread (client mode): 0x918a7520
DEB [20240111-09:35:36.769] thr=1   paramiko.transport: Local version/idstring: SSH-2.0-paramiko_2.10.3
DEB [20240111-09:35:36.783] thr=1   paramiko.transport: Remote version/idstring: SSH-2.0-OpenSSH_7.4
INF [20240111-09:35:36.783] thr=1   paramiko.transport: Connected (version 2.0, client OpenSSH_7.4)
DEB [20240111-09:35:36.786] thr=1   paramiko.transport: === Key exchange possibilities ===
DEB [20240111-09:35:36.786] thr=1   paramiko.transport: kex algos: curve25519-sha256, curve25519-sha256@libssh.org, ecdh-sha2-nistp256, ecdh-sha2-nistp384, ecdh-sha2-nistp521, diffie-hellman-group-exchange-sha256, diffie-hellman-group16-sha512, diffie-hellman-group18-sha512, diffie-hellman-group-exchange-sha1, diffie-hellman-group14-sha256, diffie-hellman-group14-sha1, diffie-hellman-group1-sha1
DEB [20240111-09:35:36.787] thr=1   paramiko.transport: server key: ssh-rsa, rsa-sha2-512, rsa-sha2-256, ecdsa-sha2-nistp256, ssh-ed25519
DEB [20240111-09:35:36.787] thr=1   paramiko.transport: client encrypt: aes256-ctr, aes192-ctr, aes128-ctr
DEB [20240111-09:35:36.787] thr=1   paramiko.transport: server encrypt: aes256-ctr, aes192-ctr, aes128-ctr
DEB [20240111-09:35:36.787] thr=1   paramiko.transport: client mac: umac-64-etm@openssh.com, umac-128-etm@openssh.com, hmac-sha2-256-etm@openssh.com, hmac-sha2-512-etm@openssh.com, hmac-sha1-etm@openssh.com, umac-64@openssh.com, umac-128@openssh.com, hmac-sha2-256, hmac-sha2-512, hmac-sha1
DEB [20240111-09:35:36.787] thr=1   paramiko.transport: server mac: umac-64-etm@openssh.com, umac-128-etm@openssh.com, hmac-sha2-256-etm@openssh.com, hmac-sha2-512-etm@openssh.com, hmac-sha1-etm@openssh.com, umac-64@openssh.com, umac-128@openssh.com, hmac-sha2-256, hmac-sha2-512, hmac-sha1
DEB [20240111-09:35:36.787] thr=1   paramiko.transport: client compress: none, zlib@openssh.com
DEB [20240111-09:35:36.787] thr=1   paramiko.transport: server compress: none, zlib@openssh.com
DEB [20240111-09:35:36.788] thr=1   paramiko.transport: client lang: <none>
DEB [20240111-09:35:36.788] thr=1   paramiko.transport: server lang: <none>
DEB [20240111-09:35:36.788] thr=1   paramiko.transport: kex follows: False
DEB [20240111-09:35:36.788] thr=1   paramiko.transport: === Key exchange agreements ===
DEB [20240111-09:35:36.788] thr=1   paramiko.transport: Kex: curve25519-sha256@libssh.org
DEB [20240111-09:35:36.788] thr=1   paramiko.transport: HostKey: ecdsa-sha2-nistp256
DEB [20240111-09:35:36.788] thr=1   paramiko.transport: Cipher: aes128-ctr
DEB [20240111-09:35:36.788] thr=1   paramiko.transport: MAC: hmac-sha2-256
DEB [20240111-09:35:36.788] thr=1   paramiko.transport: Compression: none
DEB [20240111-09:35:36.788] thr=1   paramiko.transport: === End of kex handshake ===
DEB [20240111-09:35:36.838] thr=1   paramiko.transport: kex engine KexCurve25519 specified hash_algo <built-in function openssl_sha256>
DEB [20240111-09:35:36.838] thr=1   paramiko.transport: Switch to new keys ...
DEB [20240111-09:35:36.839] thr=1   paramiko.transport: Got EXT_INFO: {'server-sig-algs': b'rsa-sha2-256,rsa-sha2-512'}
DEB [20240111-09:35:36.842] thr=2   paramiko.transport: Trying SSH agent key b'218c9c4fc702c9667a1140961ef66875'
DEB [20240111-09:35:36.884] thr=1   paramiko.transport: userauth is OK
DEB [20240111-09:35:36.885] thr=1   paramiko.transport: Finalizing pubkey algorithm for key of type 'ssh-rsa'
DEB [20240111-09:35:36.885] thr=1   paramiko.transport: Our pubkey algorithm list: ['rsa-sha2-512', 'rsa-sha2-256', 'ssh-rsa']
DEB [20240111-09:35:36.885] thr=1   paramiko.transport: Server-side algorithm list: ['rsa-sha2-256', 'rsa-sha2-512']
DEB [20240111-09:35:36.885] thr=1   paramiko.transport: Agreed upon 'rsa-sha2-512' pubkey algorithm
INF [20240111-09:35:36.898] thr=1   paramiko.transport: Auth banner: b'\n            Access to this system is monitored and restricted to\n            authorised users.   If you do not have authorisation\n            to use  this system,  you should not  proceed beyond\n            this point and should disconnect immediately.\n\n            Unauthorised use could lead to prosecution.\n\n    (See also - http://www.stfc.ac.uk/aup)\n\n'
INF [20240111-09:35:36.899] thr=1   paramiko.transport: Authentication (publickey) successful!
DEB [20240111-09:35:36.900] thr=2   paramiko.transport: [chan 0] Max packet in: 32768 bytes
DEB [20240111-09:35:36.904] thr=1   paramiko.transport: Received global request "hostkeys-00@openssh.com"
DEB [20240111-09:35:36.904] thr=1   paramiko.transport: Rejecting "hostkeys-00@openssh.com" global request from server.
DEB [20240111-09:35:36.948] thr=1   paramiko.transport: [chan 0] Max packet out: 32768 bytes
DEB [20240111-09:35:36.953] thr=1   paramiko.transport: Secsh channel 0 opened.
DEB [20240111-09:35:36.959] thr=1   paramiko.transport: [chan 0] Sesch channel 0 request ok
INF [20240111-09:35:38.069] thr=2   paramiko.transport.sftp: [chan 0] Opened sftp connection (server version 3)
DEB [20240111-09:35:38.071] thr=2   paramiko.transport.sftp: [chan 0] open(b'/home/users/gobncas', 'wb')
DEB [20240111-09:36:35.503] thr=1   paramiko.transport: starting thread (client mode): 0x70ed0f70
DEB [20240111-09:36:35.503] thr=1   paramiko.transport: Local version/idstring: SSH-2.0-paramiko_2.10.3
DEB [20240111-09:36:35.518] thr=1   paramiko.transport: Remote version/idstring: SSH-2.0-OpenSSH_7.4
INF [20240111-09:36:35.518] thr=1   paramiko.transport: Connected (version 2.0, client OpenSSH_7.4)
DEB [20240111-09:36:35.519] thr=1   paramiko.transport: === Key exchange possibilities ===
DEB [20240111-09:36:35.520] thr=1   paramiko.transport: kex algos: curve25519-sha256, curve25519-sha256@libssh.org, ecdh-sha2-nistp256, ecdh-sha2-nistp384, ecdh-sha2-nistp521, diffie-hellman-group-exchange-sha256, diffie-hellman-group16-sha512, diffie-hellman-group18-sha512, diffie-hellman-group-exchange-sha1, diffie-hellman-group14-sha256, diffie-hellman-group14-sha1, diffie-hellman-group1-sha1
DEB [20240111-09:36:35.520] thr=1   paramiko.transport: server key: ssh-rsa, rsa-sha2-512, rsa-sha2-256, ecdsa-sha2-nistp256, ssh-ed25519
DEB [20240111-09:36:35.520] thr=1   paramiko.transport: client encrypt: aes256-ctr, aes192-ctr, aes128-ctr
DEB [20240111-09:36:35.520] thr=1   paramiko.transport: server encrypt: aes256-ctr, aes192-ctr, aes128-ctr
DEB [20240111-09:36:35.520] thr=1   paramiko.transport: client mac: umac-64-etm@openssh.com, umac-128-etm@openssh.com, hmac-sha2-256-etm@openssh.com, hmac-sha2-512-etm@openssh.com, hmac-sha1-etm@openssh.com, umac-64@openssh.com, umac-128@openssh.com, hmac-sha2-256, hmac-sha2-512, hmac-sha1
DEB [20240111-09:36:35.520] thr=1   paramiko.transport: server mac: umac-64-etm@openssh.com, umac-128-etm@openssh.com, hmac-sha2-256-etm@openssh.com, hmac-sha2-512-etm@openssh.com, hmac-sha1-etm@openssh.com, umac-64@openssh.com, umac-128@openssh.com, hmac-sha2-256, hmac-sha2-512, hmac-sha1
DEB [20240111-09:36:35.520] thr=1   paramiko.transport: client compress: none, zlib@openssh.com
DEB [20240111-09:36:35.521] thr=1   paramiko.transport: server compress: none, zlib@openssh.com
DEB [20240111-09:36:35.521] thr=1   paramiko.transport: client lang: <none>
DEB [20240111-09:36:35.521] thr=1   paramiko.transport: server lang: <none>
DEB [20240111-09:36:35.521] thr=1   paramiko.transport: kex follows: False
DEB [20240111-09:36:35.521] thr=1   paramiko.transport: === Key exchange agreements ===
DEB [20240111-09:36:35.521] thr=1   paramiko.transport: Kex: curve25519-sha256@libssh.org
DEB [20240111-09:36:35.521] thr=1   paramiko.transport: HostKey: ecdsa-sha2-nistp256
DEB [20240111-09:36:35.521] thr=1   paramiko.transport: Cipher: aes128-ctr
DEB [20240111-09:36:35.521] thr=1   paramiko.transport: MAC: hmac-sha2-256
DEB [20240111-09:36:35.521] thr=1   paramiko.transport: Compression: none
DEB [20240111-09:36:35.521] thr=1   paramiko.transport: === End of kex handshake ===
DEB [20240111-09:36:35.573] thr=1   paramiko.transport: kex engine KexCurve25519 specified hash_algo <built-in function openssl_sha256>
DEB [20240111-09:36:35.575] thr=1   paramiko.transport: Switch to new keys ...
DEB [20240111-09:36:35.578] thr=1   paramiko.transport: Got EXT_INFO: {'server-sig-algs': b'rsa-sha2-256,rsa-sha2-512'}
DEB [20240111-09:36:35.579] thr=2   paramiko.transport: Trying SSH agent key b'218c9c4fc702c9667a1140961ef66875'
DEB [20240111-09:36:35.619] thr=1   paramiko.transport: userauth is OK
DEB [20240111-09:36:35.620] thr=1   paramiko.transport: Finalizing pubkey algorithm for key of type 'ssh-rsa'
DEB [20240111-09:36:35.620] thr=1   paramiko.transport: Our pubkey algorithm list: ['rsa-sha2-512', 'rsa-sha2-256', 'ssh-rsa']
DEB [20240111-09:36:35.620] thr=1   paramiko.transport: Server-side algorithm list: ['rsa-sha2-256', 'rsa-sha2-512']
DEB [20240111-09:36:35.621] thr=1   paramiko.transport: Agreed upon 'rsa-sha2-512' pubkey algorithm
INF [20240111-09:36:35.633] thr=1   paramiko.transport: Auth banner: b'\n            Access to this system is monitored and restricted to\n            authorised users.   If you do not have authorisation\n            to use  this system,  you should not  proceed beyond\n            this point and should disconnect immediately.\n\n            Unauthorised use could lead to prosecution.\n\n    (See also - http://www.stfc.ac.uk/aup)\n\n'
INF [20240111-09:36:35.633] thr=1   paramiko.transport: Authentication (publickey) successful!
DEB [20240111-09:36:35.635] thr=2   paramiko.transport: [chan 0] Max packet in: 32768 bytes
DEB [20240111-09:36:35.640] thr=1   paramiko.transport: Received global request "hostkeys-00@openssh.com"
DEB [20240111-09:36:35.642] thr=1   paramiko.transport: Rejecting "hostkeys-00@openssh.com" global request from server.
DEB [20240111-09:36:35.684] thr=1   paramiko.transport: [chan 0] Max packet out: 32768 bytes
DEB [20240111-09:36:35.685] thr=1   paramiko.transport: Secsh channel 0 opened.
DEB [20240111-09:36:35.692] thr=1   paramiko.transport: [chan 0] Sesch channel 0 request ok
INF [20240111-09:36:36.724] thr=2   paramiko.transport.sftp: [chan 0] Opened sftp connection (server version 3)
DEB [20240111-09:36:36.725] thr=2   paramiko.transport.sftp: [chan 0] open(b'/home/users/gobncas', 'wb')
DEB [20240111-09:38:07.286] thr=1   paramiko.transport: starting thread (client mode): 0x49d9fd60
DEB [20240111-09:38:07.286] thr=1   paramiko.transport: Local version/idstring: SSH-2.0-paramiko_2.10.3
DEB [20240111-09:38:07.299] thr=1   paramiko.transport: Remote version/idstring: SSH-2.0-OpenSSH_7.4
INF [20240111-09:38:07.299] thr=1   paramiko.transport: Connected (version 2.0, client OpenSSH_7.4)
DEB [20240111-09:38:07.303] thr=1   paramiko.transport: === Key exchange possibilities ===
DEB [20240111-09:38:07.303] thr=1   paramiko.transport: kex algos: curve25519-sha256, curve25519-sha256@libssh.org, ecdh-sha2-nistp256, ecdh-sha2-nistp384, ecdh-sha2-nistp521, diffie-hellman-group-exchange-sha256, diffie-hellman-group16-sha512, diffie-hellman-group18-sha512, diffie-hellman-group-exchange-sha1, diffie-hellman-group14-sha256, diffie-hellman-group14-sha1, diffie-hellman-group1-sha1
DEB [20240111-09:38:07.303] thr=1   paramiko.transport: server key: ssh-rsa, rsa-sha2-512, rsa-sha2-256, ecdsa-sha2-nistp256, ssh-ed25519
DEB [20240111-09:38:07.303] thr=1   paramiko.transport: client encrypt: aes256-ctr, aes192-ctr, aes128-ctr
DEB [20240111-09:38:07.303] thr=1   paramiko.transport: server encrypt: aes256-ctr, aes192-ctr, aes128-ctr
DEB [20240111-09:38:07.303] thr=1   paramiko.transport: client mac: umac-64-etm@openssh.com, umac-128-etm@openssh.com, hmac-sha2-256-etm@openssh.com, hmac-sha2-512-etm@openssh.com, hmac-sha1-etm@openssh.com, umac-64@openssh.com, umac-128@openssh.com, hmac-sha2-256, hmac-sha2-512, hmac-sha1
DEB [20240111-09:38:07.303] thr=1   paramiko.transport: server mac: umac-64-etm@openssh.com, umac-128-etm@openssh.com, hmac-sha2-256-etm@openssh.com, hmac-sha2-512-etm@openssh.com, hmac-sha1-etm@openssh.com, umac-64@openssh.com, umac-128@openssh.com, hmac-sha2-256, hmac-sha2-512, hmac-sha1
DEB [20240111-09:38:07.303] thr=1   paramiko.transport: client compress: none, zlib@openssh.com
DEB [20240111-09:38:07.303] thr=1   paramiko.transport: server compress: none, zlib@openssh.com
DEB [20240111-09:38:07.303] thr=1   paramiko.transport: client lang: <none>
DEB [20240111-09:38:07.303] thr=1   paramiko.transport: server lang: <none>
DEB [20240111-09:38:07.303] thr=1   paramiko.transport: kex follows: False
DEB [20240111-09:38:07.303] thr=1   paramiko.transport: === Key exchange agreements ===
DEB [20240111-09:38:07.304] thr=1   paramiko.transport: Kex: curve25519-sha256@libssh.org
DEB [20240111-09:38:07.304] thr=1   paramiko.transport: HostKey: ecdsa-sha2-nistp256
DEB [20240111-09:38:07.304] thr=1   paramiko.transport: Cipher: aes128-ctr
DEB [20240111-09:38:07.304] thr=1   paramiko.transport: MAC: hmac-sha2-256
DEB [20240111-09:38:07.304] thr=1   paramiko.transport: Compression: none
DEB [20240111-09:38:07.304] thr=1   paramiko.transport: === End of kex handshake ===
DEB [20240111-09:38:07.358] thr=1   paramiko.transport: kex engine KexCurve25519 specified hash_algo <built-in function openssl_sha256>
DEB [20240111-09:38:07.359] thr=1   paramiko.transport: Switch to new keys ...
DEB [20240111-09:38:07.360] thr=1   paramiko.transport: Got EXT_INFO: {'server-sig-algs': b'rsa-sha2-256,rsa-sha2-512'}
DEB [20240111-09:38:07.361] thr=2   paramiko.transport: Trying SSH agent key b'218c9c4fc702c9667a1140961ef66875'
DEB [20240111-09:38:07.404] thr=1   paramiko.transport: userauth is OK
DEB [20240111-09:38:07.405] thr=1   paramiko.transport: Finalizing pubkey algorithm for key of type 'ssh-rsa'
DEB [20240111-09:38:07.406] thr=1   paramiko.transport: Our pubkey algorithm list: ['rsa-sha2-512', 'rsa-sha2-256', 'ssh-rsa']
DEB [20240111-09:38:07.407] thr=1   paramiko.transport: Server-side algorithm list: ['rsa-sha2-256', 'rsa-sha2-512']
DEB [20240111-09:38:07.407] thr=1   paramiko.transport: Agreed upon 'rsa-sha2-512' pubkey algorithm
INF [20240111-09:38:07.422] thr=1   paramiko.transport: Auth banner: b'\n            Access to this system is monitored and restricted to\n            authorised users.   If you do not have authorisation\n            to use  this system,  you should not  proceed beyond\n            this point and should disconnect immediately.\n\n            Unauthorised use could lead to prosecution.\n\n    (See also - http://www.stfc.ac.uk/aup)\n\n'
INF [20240111-09:38:07.423] thr=1   paramiko.transport: Authentication (publickey) successful!
DEB [20240111-09:38:07.427] thr=1   paramiko.transport: Received global request "hostkeys-00@openssh.com"
DEB [20240111-09:38:07.428] thr=2   paramiko.transport: [chan 0] Max packet in: 32768 bytes
DEB [20240111-09:38:07.430] thr=1   paramiko.transport: Rejecting "hostkeys-00@openssh.com" global request from server.
DEB [20240111-09:38:07.436] thr=1   paramiko.transport: [chan 0] Max packet out: 32768 bytes
DEB [20240111-09:38:07.436] thr=1   paramiko.transport: Secsh channel 0 opened.
DEB [20240111-09:38:07.444] thr=1   paramiko.transport: [chan 0] Sesch channel 0 request ok
INF [20240111-09:38:08.592] thr=2   paramiko.transport.sftp: [chan 0] Opened sftp connection (server version 3)
DEB [20240111-09:38:08.594] thr=2   paramiko.transport.sftp: [chan 0] open(b'/home/users/gobncas/CFA_location_deletion_list', 'wb')
DEB [20240111-09:38:08.600] thr=2   paramiko.transport.sftp: [chan 0] open(b'/home/users/gobncas/CFA_location_deletion_list', 'wb') -> 00000000
DEB [20240111-09:38:08.602] thr=2   paramiko.transport.sftp: [chan 0] close(00000000)
DEB [20240111-09:38:08.610] thr=2   paramiko.transport.sftp: [chan 0] stat(b'/home/users/gobncas/CFA_location_deletion_list')
DEB [20240111-09:48:28.969] thr=1   paramiko.transport: starting thread (client mode): 0x9a7781f0
DEB [20240111-09:48:28.970] thr=1   paramiko.transport: Local version/idstring: SSH-2.0-paramiko_2.10.3
DEB [20240111-09:48:28.983] thr=1   paramiko.transport: Remote version/idstring: SSH-2.0-OpenSSH_7.4
INF [20240111-09:48:28.983] thr=1   paramiko.transport: Connected (version 2.0, client OpenSSH_7.4)
DEB [20240111-09:48:28.986] thr=1   paramiko.transport: === Key exchange possibilities ===
DEB [20240111-09:48:28.986] thr=1   paramiko.transport: kex algos: curve25519-sha256, curve25519-sha256@libssh.org, ecdh-sha2-nistp256, ecdh-sha2-nistp384, ecdh-sha2-nistp521, diffie-hellman-group-exchange-sha256, diffie-hellman-group16-sha512, diffie-hellman-group18-sha512, diffie-hellman-group-exchange-sha1, diffie-hellman-group14-sha256, diffie-hellman-group14-sha1, diffie-hellman-group1-sha1
DEB [20240111-09:48:28.987] thr=1   paramiko.transport: server key: ssh-rsa, rsa-sha2-512, rsa-sha2-256, ecdsa-sha2-nistp256, ssh-ed25519
DEB [20240111-09:48:28.987] thr=1   paramiko.transport: client encrypt: aes256-ctr, aes192-ctr, aes128-ctr
DEB [20240111-09:48:28.987] thr=1   paramiko.transport: server encrypt: aes256-ctr, aes192-ctr, aes128-ctr
DEB [20240111-09:48:28.987] thr=1   paramiko.transport: client mac: umac-64-etm@openssh.com, umac-128-etm@openssh.com, hmac-sha2-256-etm@openssh.com, hmac-sha2-512-etm@openssh.com, hmac-sha1-etm@openssh.com, umac-64@openssh.com, umac-128@openssh.com, hmac-sha2-256, hmac-sha2-512, hmac-sha1
DEB [20240111-09:48:28.987] thr=1   paramiko.transport: server mac: umac-64-etm@openssh.com, umac-128-etm@openssh.com, hmac-sha2-256-etm@openssh.com, hmac-sha2-512-etm@openssh.com, hmac-sha1-etm@openssh.com, umac-64@openssh.com, umac-128@openssh.com, hmac-sha2-256, hmac-sha2-512, hmac-sha1
DEB [20240111-09:48:28.987] thr=1   paramiko.transport: client compress: none, zlib@openssh.com
DEB [20240111-09:48:28.987] thr=1   paramiko.transport: server compress: none, zlib@openssh.com
DEB [20240111-09:48:28.987] thr=1   paramiko.transport: client lang: <none>
DEB [20240111-09:48:28.987] thr=1   paramiko.transport: server lang: <none>
DEB [20240111-09:48:28.987] thr=1   paramiko.transport: kex follows: False
DEB [20240111-09:48:28.988] thr=1   paramiko.transport: === Key exchange agreements ===
DEB [20240111-09:48:28.989] thr=1   paramiko.transport: Kex: curve25519-sha256@libssh.org
DEB [20240111-09:48:28.989] thr=1   paramiko.transport: HostKey: ecdsa-sha2-nistp256
DEB [20240111-09:48:28.989] thr=1   paramiko.transport: Cipher: aes128-ctr
DEB [20240111-09:48:28.990] thr=1   paramiko.transport: MAC: hmac-sha2-256
DEB [20240111-09:48:28.990] thr=1   paramiko.transport: Compression: none
DEB [20240111-09:48:28.990] thr=1   paramiko.transport: === End of kex handshake ===
DEB [20240111-09:48:29.041] thr=1   paramiko.transport: kex engine KexCurve25519 specified hash_algo <built-in function openssl_sha256>
DEB [20240111-09:48:29.045] thr=1   paramiko.transport: Switch to new keys ...
DEB [20240111-09:48:29.049] thr=1   paramiko.transport: Got EXT_INFO: {'server-sig-algs': b'rsa-sha2-256,rsa-sha2-512'}
DEB [20240111-09:48:29.052] thr=2   paramiko.transport: Trying SSH agent key b'218c9c4fc702c9667a1140961ef66875'
DEB [20240111-09:48:29.091] thr=1   paramiko.transport: userauth is OK
DEB [20240111-09:48:29.092] thr=1   paramiko.transport: Finalizing pubkey algorithm for key of type 'ssh-rsa'
DEB [20240111-09:48:29.092] thr=1   paramiko.transport: Our pubkey algorithm list: ['rsa-sha2-512', 'rsa-sha2-256', 'ssh-rsa']
DEB [20240111-09:48:29.092] thr=1   paramiko.transport: Server-side algorithm list: ['rsa-sha2-256', 'rsa-sha2-512']
DEB [20240111-09:48:29.092] thr=1   paramiko.transport: Agreed upon 'rsa-sha2-512' pubkey algorithm
INF [20240111-09:48:29.107] thr=1   paramiko.transport: Auth banner: b'\n            Access to this system is monitored and restricted to\n            authorised users.   If you do not have authorisation\n            to use  this system,  you should not  proceed beyond\n            this point and should disconnect immediately.\n\n            Unauthorised use could lead to prosecution.\n\n    (See also - http://www.stfc.ac.uk/aup)\n\n'
INF [20240111-09:48:29.109] thr=1   paramiko.transport: Authentication (publickey) successful!
DEB [20240111-09:48:29.110] thr=2   paramiko.transport: [chan 0] Max packet in: 32768 bytes
DEB [20240111-09:48:29.120] thr=1   paramiko.transport: Received global request "hostkeys-00@openssh.com"
DEB [20240111-09:48:29.121] thr=1   paramiko.transport: Rejecting "hostkeys-00@openssh.com" global request from server.
DEB [20240111-09:48:29.160] thr=1   paramiko.transport: [chan 0] Max packet out: 32768 bytes
DEB [20240111-09:48:29.160] thr=1   paramiko.transport: Secsh channel 0 opened.
DEB [20240111-09:48:29.166] thr=1   paramiko.transport: [chan 0] Sesch channel 0 request ok
INF [20240111-09:48:30.330] thr=2   paramiko.transport.sftp: [chan 0] Opened sftp connection (server version 3)
DEB [20240111-09:48:30.332] thr=2   paramiko.transport.sftp: [chan 0] open(b'/home/users/gobncas/CFA_location_deletion_list.json', 'wb')
DEB [20240111-09:48:30.338] thr=2   paramiko.transport.sftp: [chan 0] open(b'/home/users/gobncas/CFA_location_deletion_list.json', 'wb') -> 00000000
DEB [20240111-09:48:30.340] thr=2   paramiko.transport.sftp: [chan 0] close(00000000)
DEB [20240111-09:48:30.348] thr=2   paramiko.transport.sftp: [chan 0] stat(b'/home/users/gobncas/CFA_location_deletion_list.json')
DEB [20240111-09:48:59.824] thr=1   paramiko.transport: starting thread (client mode): 0x45d45910
DEB [20240111-09:48:59.824] thr=1   paramiko.transport: Local version/idstring: SSH-2.0-paramiko_2.10.3
DEB [20240111-09:48:59.836] thr=1   paramiko.transport: Remote version/idstring: SSH-2.0-OpenSSH_7.4
INF [20240111-09:48:59.837] thr=1   paramiko.transport: Connected (version 2.0, client OpenSSH_7.4)
DEB [20240111-09:48:59.840] thr=1   paramiko.transport: === Key exchange possibilities ===
DEB [20240111-09:48:59.840] thr=1   paramiko.transport: kex algos: curve25519-sha256, curve25519-sha256@libssh.org, ecdh-sha2-nistp256, ecdh-sha2-nistp384, ecdh-sha2-nistp521, diffie-hellman-group-exchange-sha256, diffie-hellman-group16-sha512, diffie-hellman-group18-sha512, diffie-hellman-group-exchange-sha1, diffie-hellman-group14-sha256, diffie-hellman-group14-sha1, diffie-hellman-group1-sha1
DEB [20240111-09:48:59.841] thr=1   paramiko.transport: server key: ssh-rsa, rsa-sha2-512, rsa-sha2-256, ecdsa-sha2-nistp256, ssh-ed25519
DEB [20240111-09:48:59.841] thr=1   paramiko.transport: client encrypt: aes256-ctr, aes192-ctr, aes128-ctr
DEB [20240111-09:48:59.841] thr=1   paramiko.transport: server encrypt: aes256-ctr, aes192-ctr, aes128-ctr
DEB [20240111-09:48:59.841] thr=1   paramiko.transport: client mac: umac-64-etm@openssh.com, umac-128-etm@openssh.com, hmac-sha2-256-etm@openssh.com, hmac-sha2-512-etm@openssh.com, hmac-sha1-etm@openssh.com, umac-64@openssh.com, umac-128@openssh.com, hmac-sha2-256, hmac-sha2-512, hmac-sha1
DEB [20240111-09:48:59.841] thr=1   paramiko.transport: server mac: umac-64-etm@openssh.com, umac-128-etm@openssh.com, hmac-sha2-256-etm@openssh.com, hmac-sha2-512-etm@openssh.com, hmac-sha1-etm@openssh.com, umac-64@openssh.com, umac-128@openssh.com, hmac-sha2-256, hmac-sha2-512, hmac-sha1
DEB [20240111-09:48:59.841] thr=1   paramiko.transport: client compress: none, zlib@openssh.com
DEB [20240111-09:48:59.842] thr=1   paramiko.transport: server compress: none, zlib@openssh.com
DEB [20240111-09:48:59.843] thr=1   paramiko.transport: client lang: <none>
DEB [20240111-09:48:59.843] thr=1   paramiko.transport: server lang: <none>
DEB [20240111-09:48:59.844] thr=1   paramiko.transport: kex follows: False
DEB [20240111-09:48:59.845] thr=1   paramiko.transport: === Key exchange agreements ===
DEB [20240111-09:48:59.846] thr=1   paramiko.transport: Kex: curve25519-sha256@libssh.org
DEB [20240111-09:48:59.846] thr=1   paramiko.transport: HostKey: ecdsa-sha2-nistp256
DEB [20240111-09:48:59.847] thr=1   paramiko.transport: Cipher: aes128-ctr
DEB [20240111-09:48:59.847] thr=1   paramiko.transport: MAC: hmac-sha2-256
DEB [20240111-09:48:59.847] thr=1   paramiko.transport: Compression: none
DEB [20240111-09:48:59.847] thr=1   paramiko.transport: === End of kex handshake ===
DEB [20240111-09:48:59.891] thr=1   paramiko.transport: kex engine KexCurve25519 specified hash_algo <built-in function openssl_sha256>
DEB [20240111-09:48:59.893] thr=1   paramiko.transport: Switch to new keys ...
DEB [20240111-09:48:59.894] thr=1   paramiko.transport: Got EXT_INFO: {'server-sig-algs': b'rsa-sha2-256,rsa-sha2-512'}
DEB [20240111-09:48:59.896] thr=2   paramiko.transport: Trying SSH agent key b'218c9c4fc702c9667a1140961ef66875'
DEB [20240111-09:48:59.938] thr=1   paramiko.transport: userauth is OK
DEB [20240111-09:48:59.939] thr=1   paramiko.transport: Finalizing pubkey algorithm for key of type 'ssh-rsa'
DEB [20240111-09:48:59.939] thr=1   paramiko.transport: Our pubkey algorithm list: ['rsa-sha2-512', 'rsa-sha2-256', 'ssh-rsa']
DEB [20240111-09:48:59.940] thr=1   paramiko.transport: Server-side algorithm list: ['rsa-sha2-256', 'rsa-sha2-512']
DEB [20240111-09:48:59.940] thr=1   paramiko.transport: Agreed upon 'rsa-sha2-512' pubkey algorithm
INF [20240111-09:48:59.955] thr=1   paramiko.transport: Auth banner: b'\n            Access to this system is monitored and restricted to\n            authorised users.   If you do not have authorisation\n            to use  this system,  you should not  proceed beyond\n            this point and should disconnect immediately.\n\n            Unauthorised use could lead to prosecution.\n\n    (See also - http://www.stfc.ac.uk/aup)\n\n'
INF [20240111-09:48:59.955] thr=1   paramiko.transport: Authentication (publickey) successful!
DEB [20240111-09:48:59.956] thr=2   paramiko.transport: [chan 0] Max packet in: 32768 bytes
DEB [20240111-09:48:59.963] thr=1   paramiko.transport: Received global request "hostkeys-00@openssh.com"
DEB [20240111-09:48:59.963] thr=1   paramiko.transport: Rejecting "hostkeys-00@openssh.com" global request from server.
DEB [20240111-09:49:00.008] thr=1   paramiko.transport: [chan 0] Max packet out: 32768 bytes
DEB [20240111-09:49:00.008] thr=1   paramiko.transport: Secsh channel 0 opened.
DEB [20240111-09:49:00.015] thr=1   paramiko.transport: [chan 0] Sesch channel 0 request ok
INF [20240111-09:49:00.938] thr=2   paramiko.transport.sftp: [chan 0] Opened sftp connection (server version 3)
DEB [20240111-09:49:00.940] thr=2   paramiko.transport.sftp: [chan 0] open(b'/home/users/gobncas/CFA_location_deletion_list.json', 'wb')
DEB [20240111-09:49:00.946] thr=2   paramiko.transport.sftp: [chan 0] open(b'/home/users/gobncas/CFA_location_deletion_list.json', 'wb') -> 00000000
DEB [20240111-09:49:00.947] thr=2   paramiko.transport.sftp: [chan 0] close(00000000)
DEB [20240111-09:49:00.955] thr=2   paramiko.transport.sftp: [chan 0] stat(b'/home/users/gobncas/CFA_location_deletion_list.json')
DEB [20240111-09:49:25.727] thr=1   paramiko.transport: starting thread (client mode): 0xd1e7bf70
DEB [20240111-09:49:25.727] thr=1   paramiko.transport: Local version/idstring: SSH-2.0-paramiko_2.10.3
DEB [20240111-09:49:25.739] thr=1   paramiko.transport: Remote version/idstring: SSH-2.0-OpenSSH_7.4
INF [20240111-09:49:25.739] thr=1   paramiko.transport: Connected (version 2.0, client OpenSSH_7.4)
DEB [20240111-09:49:25.742] thr=1   paramiko.transport: === Key exchange possibilities ===
DEB [20240111-09:49:25.743] thr=1   paramiko.transport: kex algos: curve25519-sha256, curve25519-sha256@libssh.org, ecdh-sha2-nistp256, ecdh-sha2-nistp384, ecdh-sha2-nistp521, diffie-hellman-group-exchange-sha256, diffie-hellman-group16-sha512, diffie-hellman-group18-sha512, diffie-hellman-group-exchange-sha1, diffie-hellman-group14-sha256, diffie-hellman-group14-sha1, diffie-hellman-group1-sha1
DEB [20240111-09:49:25.743] thr=1   paramiko.transport: server key: ssh-rsa, rsa-sha2-512, rsa-sha2-256, ecdsa-sha2-nistp256, ssh-ed25519
DEB [20240111-09:49:25.744] thr=1   paramiko.transport: client encrypt: aes256-ctr, aes192-ctr, aes128-ctr
DEB [20240111-09:49:25.744] thr=1   paramiko.transport: server encrypt: aes256-ctr, aes192-ctr, aes128-ctr
DEB [20240111-09:49:25.744] thr=1   paramiko.transport: client mac: umac-64-etm@openssh.com, umac-128-etm@openssh.com, hmac-sha2-256-etm@openssh.com, hmac-sha2-512-etm@openssh.com, hmac-sha1-etm@openssh.com, umac-64@openssh.com, umac-128@openssh.com, hmac-sha2-256, hmac-sha2-512, hmac-sha1
DEB [20240111-09:49:25.745] thr=1   paramiko.transport: server mac: umac-64-etm@openssh.com, umac-128-etm@openssh.com, hmac-sha2-256-etm@openssh.com, hmac-sha2-512-etm@openssh.com, hmac-sha1-etm@openssh.com, umac-64@openssh.com, umac-128@openssh.com, hmac-sha2-256, hmac-sha2-512, hmac-sha1
DEB [20240111-09:49:25.745] thr=1   paramiko.transport: client compress: none, zlib@openssh.com
DEB [20240111-09:49:25.745] thr=1   paramiko.transport: server compress: none, zlib@openssh.com
DEB [20240111-09:49:25.745] thr=1   paramiko.transport: client lang: <none>
DEB [20240111-09:49:25.745] thr=1   paramiko.transport: server lang: <none>
DEB [20240111-09:49:25.745] thr=1   paramiko.transport: kex follows: False
DEB [20240111-09:49:25.746] thr=1   paramiko.transport: === Key exchange agreements ===
DEB [20240111-09:49:25.746] thr=1   paramiko.transport: Kex: curve25519-sha256@libssh.org
DEB [20240111-09:49:25.746] thr=1   paramiko.transport: HostKey: ecdsa-sha2-nistp256
DEB [20240111-09:49:25.747] thr=1   paramiko.transport: Cipher: aes128-ctr
DEB [20240111-09:49:25.747] thr=1   paramiko.transport: MAC: hmac-sha2-256
DEB [20240111-09:49:25.747] thr=1   paramiko.transport: Compression: none
DEB [20240111-09:49:25.747] thr=1   paramiko.transport: === End of kex handshake ===
DEB [20240111-09:49:25.796] thr=1   paramiko.transport: kex engine KexCurve25519 specified hash_algo <built-in function openssl_sha256>
DEB [20240111-09:49:25.797] thr=1   paramiko.transport: Switch to new keys ...
DEB [20240111-09:49:25.798] thr=1   paramiko.transport: Got EXT_INFO: {'server-sig-algs': b'rsa-sha2-256,rsa-sha2-512'}
DEB [20240111-09:49:25.800] thr=2   paramiko.transport: Trying SSH agent key b'218c9c4fc702c9667a1140961ef66875'
DEB [20240111-09:49:25.843] thr=1   paramiko.transport: userauth is OK
DEB [20240111-09:49:25.843] thr=1   paramiko.transport: Finalizing pubkey algorithm for key of type 'ssh-rsa'
DEB [20240111-09:49:25.844] thr=1   paramiko.transport: Our pubkey algorithm list: ['rsa-sha2-512', 'rsa-sha2-256', 'ssh-rsa']
DEB [20240111-09:49:25.845] thr=1   paramiko.transport: Server-side algorithm list: ['rsa-sha2-256', 'rsa-sha2-512']
DEB [20240111-09:49:25.846] thr=1   paramiko.transport: Agreed upon 'rsa-sha2-512' pubkey algorithm
INF [20240111-09:49:25.863] thr=1   paramiko.transport: Auth banner: b'\n            Access to this system is monitored and restricted to\n            authorised users.   If you do not have authorisation\n            to use  this system,  you should not  proceed beyond\n            this point and should disconnect immediately.\n\n            Unauthorised use could lead to prosecution.\n\n    (See also - http://www.stfc.ac.uk/aup)\n\n'
INF [20240111-09:49:25.863] thr=1   paramiko.transport: Authentication (publickey) successful!
DEB [20240111-09:49:25.863] thr=2   paramiko.transport: [chan 0] Max packet in: 32768 bytes
DEB [20240111-09:49:25.871] thr=1   paramiko.transport: Received global request "hostkeys-00@openssh.com"
DEB [20240111-09:49:25.871] thr=1   paramiko.transport: Rejecting "hostkeys-00@openssh.com" global request from server.
DEB [20240111-09:49:25.916] thr=1   paramiko.transport: [chan 0] Max packet out: 32768 bytes
DEB [20240111-09:49:25.917] thr=1   paramiko.transport: Secsh channel 0 opened.
DEB [20240111-09:49:25.925] thr=1   paramiko.transport: [chan 0] Sesch channel 0 request ok
INF [20240111-09:49:26.841] thr=2   paramiko.transport.sftp: [chan 0] Opened sftp connection (server version 3)
DEB [20240111-09:49:26.842] thr=2   paramiko.transport.sftp: [chan 0] open(b'/home/users/gobncas/CFA_location_deletion_list.json', 'wb')
DEB [20240111-09:49:26.848] thr=2   paramiko.transport.sftp: [chan 0] open(b'/home/users/gobncas/CFA_location_deletion_list.json', 'wb') -> 00000000
DEB [20240111-09:49:26.849] thr=2   paramiko.transport.sftp: [chan 0] close(00000000)
DEB [20240111-09:49:26.857] thr=2   paramiko.transport.sftp: [chan 0] stat(b'/home/users/gobncas/CFA_location_deletion_list.json')
DEB [20240111-09:49:50.323] thr=1   paramiko.transport: starting thread (client mode): 0x24462e0
DEB [20240111-09:49:50.324] thr=1   paramiko.transport: Local version/idstring: SSH-2.0-paramiko_2.10.3
DEB [20240111-09:49:50.335] thr=1   paramiko.transport: Remote version/idstring: SSH-2.0-OpenSSH_7.4
INF [20240111-09:49:50.335] thr=1   paramiko.transport: Connected (version 2.0, client OpenSSH_7.4)
DEB [20240111-09:49:50.339] thr=1   paramiko.transport: === Key exchange possibilities ===
DEB [20240111-09:49:50.340] thr=1   paramiko.transport: kex algos: curve25519-sha256, curve25519-sha256@libssh.org, ecdh-sha2-nistp256, ecdh-sha2-nistp384, ecdh-sha2-nistp521, diffie-hellman-group-exchange-sha256, diffie-hellman-group16-sha512, diffie-hellman-group18-sha512, diffie-hellman-group-exchange-sha1, diffie-hellman-group14-sha256, diffie-hellman-group14-sha1, diffie-hellman-group1-sha1
DEB [20240111-09:49:50.340] thr=1   paramiko.transport: server key: ssh-rsa, rsa-sha2-512, rsa-sha2-256, ecdsa-sha2-nistp256, ssh-ed25519
DEB [20240111-09:49:50.341] thr=1   paramiko.transport: client encrypt: aes256-ctr, aes192-ctr, aes128-ctr
DEB [20240111-09:49:50.342] thr=1   paramiko.transport: server encrypt: aes256-ctr, aes192-ctr, aes128-ctr
DEB [20240111-09:49:50.342] thr=1   paramiko.transport: client mac: umac-64-etm@openssh.com, umac-128-etm@openssh.com, hmac-sha2-256-etm@openssh.com, hmac-sha2-512-etm@openssh.com, hmac-sha1-etm@openssh.com, umac-64@openssh.com, umac-128@openssh.com, hmac-sha2-256, hmac-sha2-512, hmac-sha1
DEB [20240111-09:49:50.343] thr=1   paramiko.transport: server mac: umac-64-etm@openssh.com, umac-128-etm@openssh.com, hmac-sha2-256-etm@openssh.com, hmac-sha2-512-etm@openssh.com, hmac-sha1-etm@openssh.com, umac-64@openssh.com, umac-128@openssh.com, hmac-sha2-256, hmac-sha2-512, hmac-sha1
DEB [20240111-09:49:50.344] thr=1   paramiko.transport: client compress: none, zlib@openssh.com
DEB [20240111-09:49:50.345] thr=1   paramiko.transport: server compress: none, zlib@openssh.com
DEB [20240111-09:49:50.345] thr=1   paramiko.transport: client lang: <none>
DEB [20240111-09:49:50.347] thr=1   paramiko.transport: server lang: <none>
DEB [20240111-09:49:50.347] thr=1   paramiko.transport: kex follows: False
DEB [20240111-09:49:50.348] thr=1   paramiko.transport: === Key exchange agreements ===
DEB [20240111-09:49:50.348] thr=1   paramiko.transport: Kex: curve25519-sha256@libssh.org
DEB [20240111-09:49:50.348] thr=1   paramiko.transport: HostKey: ecdsa-sha2-nistp256
DEB [20240111-09:49:50.349] thr=1   paramiko.transport: Cipher: aes128-ctr
DEB [20240111-09:49:50.350] thr=1   paramiko.transport: MAC: hmac-sha2-256
DEB [20240111-09:49:50.350] thr=1   paramiko.transport: Compression: none
DEB [20240111-09:49:50.350] thr=1   paramiko.transport: === End of kex handshake ===
DEB [20240111-09:49:50.393] thr=1   paramiko.transport: kex engine KexCurve25519 specified hash_algo <built-in function openssl_sha256>
DEB [20240111-09:49:50.396] thr=1   paramiko.transport: Switch to new keys ...
DEB [20240111-09:49:50.397] thr=1   paramiko.transport: Got EXT_INFO: {'server-sig-algs': b'rsa-sha2-256,rsa-sha2-512'}
DEB [20240111-09:49:50.398] thr=2   paramiko.transport: Trying SSH agent key b'218c9c4fc702c9667a1140961ef66875'
DEB [20240111-09:49:50.440] thr=1   paramiko.transport: userauth is OK
DEB [20240111-09:49:50.441] thr=1   paramiko.transport: Finalizing pubkey algorithm for key of type 'ssh-rsa'
DEB [20240111-09:49:50.443] thr=1   paramiko.transport: Our pubkey algorithm list: ['rsa-sha2-512', 'rsa-sha2-256', 'ssh-rsa']
DEB [20240111-09:49:50.444] thr=1   paramiko.transport: Server-side algorithm list: ['rsa-sha2-256', 'rsa-sha2-512']
DEB [20240111-09:49:50.446] thr=1   paramiko.transport: Agreed upon 'rsa-sha2-512' pubkey algorithm
INF [20240111-09:49:50.460] thr=1   paramiko.transport: Auth banner: b'\n            Access to this system is monitored and restricted to\n            authorised users.   If you do not have authorisation\n            to use  this system,  you should not  proceed beyond\n            this point and should disconnect immediately.\n\n            Unauthorised use could lead to prosecution.\n\n    (See also - http://www.stfc.ac.uk/aup)\n\n'
INF [20240111-09:49:50.461] thr=1   paramiko.transport: Authentication (publickey) successful!
DEB [20240111-09:49:50.462] thr=2   paramiko.transport: [chan 0] Max packet in: 32768 bytes
DEB [20240111-09:49:50.469] thr=1   paramiko.transport: Received global request "hostkeys-00@openssh.com"
DEB [20240111-09:49:50.469] thr=1   paramiko.transport: Rejecting "hostkeys-00@openssh.com" global request from server.
DEB [20240111-09:49:50.516] thr=1   paramiko.transport: [chan 0] Max packet out: 32768 bytes
DEB [20240111-09:49:50.517] thr=1   paramiko.transport: Secsh channel 0 opened.
DEB [20240111-09:49:50.528] thr=1   paramiko.transport: [chan 0] Sesch channel 0 request ok
INF [20240111-09:49:51.583] thr=2   paramiko.transport.sftp: [chan 0] Opened sftp connection (server version 3)
DEB [20240111-09:49:51.584] thr=2   paramiko.transport.sftp: [chan 0] open(b'/home/users/gobncas/CFA_location_deletion_list.json', 'wb')
DEB [20240111-09:49:51.590] thr=2   paramiko.transport.sftp: [chan 0] open(b'/home/users/gobncas/CFA_location_deletion_list.json', 'wb') -> 00000000
DEB [20240111-09:49:51.591] thr=2   paramiko.transport.sftp: [chan 0] close(00000000)
DEB [20240111-09:49:51.604] thr=2   paramiko.transport.sftp: [chan 0] stat(b'/home/users/gobncas/CFA_location_deletion_list.json')
DEB [20240111-09:52:32.016] thr=1   paramiko.transport: starting thread (client mode): 0x313c3fa0
DEB [20240111-09:52:32.016] thr=1   paramiko.transport: Local version/idstring: SSH-2.0-paramiko_2.10.3
DEB [20240111-09:52:32.028] thr=1   paramiko.transport: Remote version/idstring: SSH-2.0-OpenSSH_7.4
INF [20240111-09:52:32.028] thr=1   paramiko.transport: Connected (version 2.0, client OpenSSH_7.4)
DEB [20240111-09:52:32.031] thr=1   paramiko.transport: === Key exchange possibilities ===
DEB [20240111-09:52:32.031] thr=1   paramiko.transport: kex algos: curve25519-sha256, curve25519-sha256@libssh.org, ecdh-sha2-nistp256, ecdh-sha2-nistp384, ecdh-sha2-nistp521, diffie-hellman-group-exchange-sha256, diffie-hellman-group16-sha512, diffie-hellman-group18-sha512, diffie-hellman-group-exchange-sha1, diffie-hellman-group14-sha256, diffie-hellman-group14-sha1, diffie-hellman-group1-sha1
DEB [20240111-09:52:32.032] thr=1   paramiko.transport: server key: ssh-rsa, rsa-sha2-512, rsa-sha2-256, ecdsa-sha2-nistp256, ssh-ed25519
DEB [20240111-09:52:32.032] thr=1   paramiko.transport: client encrypt: aes256-ctr, aes192-ctr, aes128-ctr
DEB [20240111-09:52:32.032] thr=1   paramiko.transport: server encrypt: aes256-ctr, aes192-ctr, aes128-ctr
DEB [20240111-09:52:32.032] thr=1   paramiko.transport: client mac: umac-64-etm@openssh.com, umac-128-etm@openssh.com, hmac-sha2-256-etm@openssh.com, hmac-sha2-512-etm@openssh.com, hmac-sha1-etm@openssh.com, umac-64@openssh.com, umac-128@openssh.com, hmac-sha2-256, hmac-sha2-512, hmac-sha1
DEB [20240111-09:52:32.032] thr=1   paramiko.transport: server mac: umac-64-etm@openssh.com, umac-128-etm@openssh.com, hmac-sha2-256-etm@openssh.com, hmac-sha2-512-etm@openssh.com, hmac-sha1-etm@openssh.com, umac-64@openssh.com, umac-128@openssh.com, hmac-sha2-256, hmac-sha2-512, hmac-sha1
DEB [20240111-09:52:32.032] thr=1   paramiko.transport: client compress: none, zlib@openssh.com
DEB [20240111-09:52:32.032] thr=1   paramiko.transport: server compress: none, zlib@openssh.com
DEB [20240111-09:52:32.033] thr=1   paramiko.transport: client lang: <none>
DEB [20240111-09:52:32.033] thr=1   paramiko.transport: server lang: <none>
DEB [20240111-09:52:32.033] thr=1   paramiko.transport: kex follows: False
DEB [20240111-09:52:32.033] thr=1   paramiko.transport: === Key exchange agreements ===
DEB [20240111-09:52:32.033] thr=1   paramiko.transport: Kex: curve25519-sha256@libssh.org
DEB [20240111-09:52:32.033] thr=1   paramiko.transport: HostKey: ecdsa-sha2-nistp256
DEB [20240111-09:52:32.034] thr=1   paramiko.transport: Cipher: aes128-ctr
DEB [20240111-09:52:32.034] thr=1   paramiko.transport: MAC: hmac-sha2-256
DEB [20240111-09:52:32.034] thr=1   paramiko.transport: Compression: none
DEB [20240111-09:52:32.034] thr=1   paramiko.transport: === End of kex handshake ===
DEB [20240111-09:52:32.083] thr=1   paramiko.transport: kex engine KexCurve25519 specified hash_algo <built-in function openssl_sha256>
DEB [20240111-09:52:32.084] thr=1   paramiko.transport: Switch to new keys ...
DEB [20240111-09:52:32.084] thr=1   paramiko.transport: Got EXT_INFO: {'server-sig-algs': b'rsa-sha2-256,rsa-sha2-512'}
DEB [20240111-09:52:32.087] thr=2   paramiko.transport: Trying SSH agent key b'218c9c4fc702c9667a1140961ef66875'
DEB [20240111-09:52:32.129] thr=1   paramiko.transport: userauth is OK
DEB [20240111-09:52:32.130] thr=1   paramiko.transport: Finalizing pubkey algorithm for key of type 'ssh-rsa'
DEB [20240111-09:52:32.130] thr=1   paramiko.transport: Our pubkey algorithm list: ['rsa-sha2-512', 'rsa-sha2-256', 'ssh-rsa']
DEB [20240111-09:52:32.130] thr=1   paramiko.transport: Server-side algorithm list: ['rsa-sha2-256', 'rsa-sha2-512']
DEB [20240111-09:52:32.130] thr=1   paramiko.transport: Agreed upon 'rsa-sha2-512' pubkey algorithm
INF [20240111-09:52:32.144] thr=1   paramiko.transport: Auth banner: b'\n            Access to this system is monitored and restricted to\n            authorised users.   If you do not have authorisation\n            to use  this system,  you should not  proceed beyond\n            this point and should disconnect immediately.\n\n            Unauthorised use could lead to prosecution.\n\n    (See also - http://www.stfc.ac.uk/aup)\n\n'
INF [20240111-09:52:32.145] thr=1   paramiko.transport: Authentication (publickey) successful!
DEB [20240111-09:52:32.146] thr=2   paramiko.transport: [chan 0] Max packet in: 32768 bytes
DEB [20240111-09:52:32.151] thr=1   paramiko.transport: Received global request "hostkeys-00@openssh.com"
DEB [20240111-09:52:32.151] thr=1   paramiko.transport: Rejecting "hostkeys-00@openssh.com" global request from server.
DEB [20240111-09:52:32.196] thr=1   paramiko.transport: [chan 0] Max packet out: 32768 bytes
DEB [20240111-09:52:32.196] thr=1   paramiko.transport: Secsh channel 0 opened.
DEB [20240111-09:52:32.201] thr=1   paramiko.transport: [chan 0] Sesch channel 0 request ok
INF [20240111-09:52:33.304] thr=2   paramiko.transport.sftp: [chan 0] Opened sftp connection (server version 3)
DEB [20240111-09:52:33.306] thr=2   paramiko.transport.sftp: [chan 0] open(b'/home/users/gobncas/CFA_location_deletion_list.json', 'wb')
DEB [20240111-09:52:33.312] thr=2   paramiko.transport.sftp: [chan 0] open(b'/home/users/gobncas/CFA_location_deletion_list.json', 'wb') -> 00000000
DEB [20240111-09:52:33.313] thr=2   paramiko.transport.sftp: [chan 0] close(00000000)
DEB [20240111-09:52:33.321] thr=2   paramiko.transport.sftp: [chan 0] stat(b'/home/users/gobncas/CFA_location_deletion_list.json')
DEB [20240111-09:54:27.930] thr=1   paramiko.transport: starting thread (client mode): 0xb6eb250
DEB [20240111-09:54:27.930] thr=1   paramiko.transport: Local version/idstring: SSH-2.0-paramiko_2.10.3
DEB [20240111-09:54:27.950] thr=1   paramiko.transport: Remote version/idstring: SSH-2.0-OpenSSH_7.4
INF [20240111-09:54:27.950] thr=1   paramiko.transport: Connected (version 2.0, client OpenSSH_7.4)
DEB [20240111-09:54:27.954] thr=1   paramiko.transport: === Key exchange possibilities ===
DEB [20240111-09:54:27.954] thr=1   paramiko.transport: kex algos: curve25519-sha256, curve25519-sha256@libssh.org, ecdh-sha2-nistp256, ecdh-sha2-nistp384, ecdh-sha2-nistp521, diffie-hellman-group-exchange-sha256, diffie-hellman-group16-sha512, diffie-hellman-group18-sha512, diffie-hellman-group-exchange-sha1, diffie-hellman-group14-sha256, diffie-hellman-group14-sha1, diffie-hellman-group1-sha1
DEB [20240111-09:54:27.955] thr=1   paramiko.transport: server key: ssh-rsa, rsa-sha2-512, rsa-sha2-256, ecdsa-sha2-nistp256, ssh-ed25519
DEB [20240111-09:54:27.956] thr=1   paramiko.transport: client encrypt: aes256-ctr, aes192-ctr, aes128-ctr
DEB [20240111-09:54:27.956] thr=1   paramiko.transport: server encrypt: aes256-ctr, aes192-ctr, aes128-ctr
DEB [20240111-09:54:27.956] thr=1   paramiko.transport: client mac: umac-64-etm@openssh.com, umac-128-etm@openssh.com, hmac-sha2-256-etm@openssh.com, hmac-sha2-512-etm@openssh.com, hmac-sha1-etm@openssh.com, umac-64@openssh.com, umac-128@openssh.com, hmac-sha2-256, hmac-sha2-512, hmac-sha1
DEB [20240111-09:54:27.956] thr=1   paramiko.transport: server mac: umac-64-etm@openssh.com, umac-128-etm@openssh.com, hmac-sha2-256-etm@openssh.com, hmac-sha2-512-etm@openssh.com, hmac-sha1-etm@openssh.com, umac-64@openssh.com, umac-128@openssh.com, hmac-sha2-256, hmac-sha2-512, hmac-sha1
DEB [20240111-09:54:27.956] thr=1   paramiko.transport: client compress: none, zlib@openssh.com
DEB [20240111-09:54:27.956] thr=1   paramiko.transport: server compress: none, zlib@openssh.com
DEB [20240111-09:54:27.957] thr=1   paramiko.transport: client lang: <none>
DEB [20240111-09:54:27.957] thr=1   paramiko.transport: server lang: <none>
DEB [20240111-09:54:27.957] thr=1   paramiko.transport: kex follows: False
DEB [20240111-09:54:27.957] thr=1   paramiko.transport: === Key exchange agreements ===
DEB [20240111-09:54:27.957] thr=1   paramiko.transport: Kex: curve25519-sha256@libssh.org
DEB [20240111-09:54:27.957] thr=1   paramiko.transport: HostKey: ecdsa-sha2-nistp256
DEB [20240111-09:54:27.958] thr=1   paramiko.transport: Cipher: aes128-ctr
DEB [20240111-09:54:27.958] thr=1   paramiko.transport: MAC: hmac-sha2-256
DEB [20240111-09:54:27.958] thr=1   paramiko.transport: Compression: none
DEB [20240111-09:54:27.958] thr=1   paramiko.transport: === End of kex handshake ===
DEB [20240111-09:54:28.009] thr=1   paramiko.transport: kex engine KexCurve25519 specified hash_algo <built-in function openssl_sha256>
DEB [20240111-09:54:28.014] thr=1   paramiko.transport: Switch to new keys ...
DEB [20240111-09:54:28.017] thr=1   paramiko.transport: Got EXT_INFO: {'server-sig-algs': b'rsa-sha2-256,rsa-sha2-512'}
DEB [20240111-09:54:28.020] thr=2   paramiko.transport: Trying SSH agent key b'218c9c4fc702c9667a1140961ef66875'
DEB [20240111-09:54:28.057] thr=1   paramiko.transport: userauth is OK
DEB [20240111-09:54:28.057] thr=1   paramiko.transport: Finalizing pubkey algorithm for key of type 'ssh-rsa'
DEB [20240111-09:54:28.057] thr=1   paramiko.transport: Our pubkey algorithm list: ['rsa-sha2-512', 'rsa-sha2-256', 'ssh-rsa']
DEB [20240111-09:54:28.058] thr=1   paramiko.transport: Server-side algorithm list: ['rsa-sha2-256', 'rsa-sha2-512']
DEB [20240111-09:54:28.058] thr=1   paramiko.transport: Agreed upon 'rsa-sha2-512' pubkey algorithm
INF [20240111-09:54:28.073] thr=1   paramiko.transport: Auth banner: b'\n            Access to this system is monitored and restricted to\n            authorised users.   If you do not have authorisation\n            to use  this system,  you should not  proceed beyond\n            this point and should disconnect immediately.\n\n            Unauthorised use could lead to prosecution.\n\n    (See also - http://www.stfc.ac.uk/aup)\n\n'
INF [20240111-09:54:28.074] thr=1   paramiko.transport: Authentication (publickey) successful!
DEB [20240111-09:54:28.077] thr=2   paramiko.transport: [chan 0] Max packet in: 32768 bytes
DEB [20240111-09:54:28.082] thr=1   paramiko.transport: Received global request "hostkeys-00@openssh.com"
DEB [20240111-09:54:28.083] thr=1   paramiko.transport: Rejecting "hostkeys-00@openssh.com" global request from server.
DEB [20240111-09:54:28.128] thr=1   paramiko.transport: [chan 0] Max packet out: 32768 bytes
DEB [20240111-09:54:28.128] thr=1   paramiko.transport: Secsh channel 0 opened.
DEB [20240111-09:54:28.134] thr=1   paramiko.transport: [chan 0] Sesch channel 0 request ok
INF [20240111-09:54:29.354] thr=2   paramiko.transport.sftp: [chan 0] Opened sftp connection (server version 3)
DEB [20240111-09:54:29.355] thr=2   paramiko.transport.sftp: [chan 0] open(b'/home/users/gobncas/CFA_location_deletion_list.json', 'wb')
DEB [20240111-09:54:29.361] thr=2   paramiko.transport.sftp: [chan 0] open(b'/home/users/gobncas/CFA_location_deletion_list.json', 'wb') -> 00000000
DEB [20240111-09:54:29.363] thr=2   paramiko.transport.sftp: [chan 0] close(00000000)
DEB [20240111-09:54:29.371] thr=2   paramiko.transport.sftp: [chan 0] stat(b'/home/users/gobncas/CFA_location_deletion_list.json')
DEB [20240111-09:55:20.287] thr=1   paramiko.transport: starting thread (client mode): 0x840b71f0
DEB [20240111-09:55:20.288] thr=1   paramiko.transport: Local version/idstring: SSH-2.0-paramiko_2.10.3
DEB [20240111-09:55:20.325] thr=1   paramiko.transport: Remote version/idstring: SSH-2.0-OpenSSH_7.4
INF [20240111-09:55:20.326] thr=1   paramiko.transport: Connected (version 2.0, client OpenSSH_7.4)
DEB [20240111-09:55:20.366] thr=1   paramiko.transport: === Key exchange possibilities ===
DEB [20240111-09:55:20.366] thr=1   paramiko.transport: kex algos: curve25519-sha256, curve25519-sha256@libssh.org, ecdh-sha2-nistp256, ecdh-sha2-nistp384, ecdh-sha2-nistp521, diffie-hellman-group-exchange-sha256, diffie-hellman-group16-sha512, diffie-hellman-group18-sha512, diffie-hellman-group-exchange-sha1, diffie-hellman-group14-sha256, diffie-hellman-group14-sha1, diffie-hellman-group1-sha1
DEB [20240111-09:55:20.366] thr=1   paramiko.transport: server key: ssh-rsa, rsa-sha2-512, rsa-sha2-256, ecdsa-sha2-nistp256, ssh-ed25519
DEB [20240111-09:55:20.367] thr=1   paramiko.transport: client encrypt: aes256-ctr, aes192-ctr, aes128-ctr
DEB [20240111-09:55:20.367] thr=1   paramiko.transport: server encrypt: aes256-ctr, aes192-ctr, aes128-ctr
DEB [20240111-09:55:20.367] thr=1   paramiko.transport: client mac: umac-64-etm@openssh.com, umac-128-etm@openssh.com, hmac-sha2-256-etm@openssh.com, hmac-sha2-512-etm@openssh.com, hmac-sha1-etm@openssh.com, umac-64@openssh.com, umac-128@openssh.com, hmac-sha2-256, hmac-sha2-512, hmac-sha1
DEB [20240111-09:55:20.367] thr=1   paramiko.transport: server mac: umac-64-etm@openssh.com, umac-128-etm@openssh.com, hmac-sha2-256-etm@openssh.com, hmac-sha2-512-etm@openssh.com, hmac-sha1-etm@openssh.com, umac-64@openssh.com, umac-128@openssh.com, hmac-sha2-256, hmac-sha2-512, hmac-sha1
DEB [20240111-09:55:20.367] thr=1   paramiko.transport: client compress: none, zlib@openssh.com
DEB [20240111-09:55:20.367] thr=1   paramiko.transport: server compress: none, zlib@openssh.com
DEB [20240111-09:55:20.367] thr=1   paramiko.transport: client lang: <none>
DEB [20240111-09:55:20.367] thr=1   paramiko.transport: server lang: <none>
DEB [20240111-09:55:20.367] thr=1   paramiko.transport: kex follows: False
DEB [20240111-09:55:20.367] thr=1   paramiko.transport: === Key exchange agreements ===
DEB [20240111-09:55:20.368] thr=1   paramiko.transport: Kex: curve25519-sha256@libssh.org
DEB [20240111-09:55:20.368] thr=1   paramiko.transport: HostKey: ecdsa-sha2-nistp256
DEB [20240111-09:55:20.368] thr=1   paramiko.transport: Cipher: aes128-ctr
DEB [20240111-09:55:20.368] thr=1   paramiko.transport: MAC: hmac-sha2-256
DEB [20240111-09:55:20.368] thr=1   paramiko.transport: Compression: none
DEB [20240111-09:55:20.368] thr=1   paramiko.transport: === End of kex handshake ===
DEB [20240111-09:55:20.447] thr=1   paramiko.transport: kex engine KexCurve25519 specified hash_algo <built-in function openssl_sha256>
DEB [20240111-09:55:20.448] thr=1   paramiko.transport: Switch to new keys ...
DEB [20240111-09:55:20.450] thr=1   paramiko.transport: Got EXT_INFO: {'server-sig-algs': b'rsa-sha2-256,rsa-sha2-512'}
DEB [20240111-09:55:20.451] thr=2   paramiko.transport: Trying SSH agent key b'218c9c4fc702c9667a1140961ef66875'
DEB [20240111-09:55:20.546] thr=1   paramiko.transport: userauth is OK
DEB [20240111-09:55:20.546] thr=1   paramiko.transport: Finalizing pubkey algorithm for key of type 'ssh-rsa'
DEB [20240111-09:55:20.547] thr=1   paramiko.transport: Our pubkey algorithm list: ['rsa-sha2-512', 'rsa-sha2-256', 'ssh-rsa']
DEB [20240111-09:55:20.547] thr=1   paramiko.transport: Server-side algorithm list: ['rsa-sha2-256', 'rsa-sha2-512']
DEB [20240111-09:55:20.547] thr=1   paramiko.transport: Agreed upon 'rsa-sha2-512' pubkey algorithm
INF [20240111-09:55:20.586] thr=1   paramiko.transport: Auth banner: b'\n            Access to this system is monitored and restricted to\n            authorised users.   If you do not have authorisation\n            to use  this system,  you should not  proceed beyond\n            this point and should disconnect immediately.\n\n            Unauthorised use could lead to prosecution.\n\n    (See also - http://www.stfc.ac.uk/aup)\n\n'
INF [20240111-09:55:20.587] thr=1   paramiko.transport: Authentication (publickey) successful!
DEB [20240111-09:55:20.588] thr=2   paramiko.transport: [chan 0] Max packet in: 32768 bytes
DEB [20240111-09:55:20.625] thr=1   paramiko.transport: Received global request "hostkeys-00@openssh.com"
DEB [20240111-09:55:20.626] thr=1   paramiko.transport: Rejecting "hostkeys-00@openssh.com" global request from server.
DEB [20240111-09:55:20.706] thr=1   paramiko.transport: [chan 0] Max packet out: 32768 bytes
DEB [20240111-09:55:20.707] thr=1   paramiko.transport: Secsh channel 0 opened.
DEB [20240111-09:55:20.746] thr=1   paramiko.transport: [chan 0] Sesch channel 0 request ok
INF [20240111-09:55:22.177] thr=2   paramiko.transport.sftp: [chan 0] Opened sftp connection (server version 3)
DEB [20240111-09:55:22.179] thr=2   paramiko.transport.sftp: [chan 0] open(b'/home/users/gobncas/CFA_location_deletion_list.json', 'wb')
DEB [20240111-09:55:22.185] thr=2   paramiko.transport.sftp: [chan 0] open(b'/home/users/gobncas/CFA_location_deletion_list.json', 'wb') -> 00000000
DEB [20240111-09:55:22.186] thr=2   paramiko.transport.sftp: [chan 0] close(00000000)
DEB [20240111-09:55:22.194] thr=2   paramiko.transport.sftp: [chan 0] stat(b'/home/users/gobncas/CFA_location_deletion_list.json')
DEB [20240111-09:56:03.453] thr=1   paramiko.transport: starting thread (client mode): 0xe746b3d0
DEB [20240111-09:56:03.453] thr=1   paramiko.transport: Local version/idstring: SSH-2.0-paramiko_2.10.3
DEB [20240111-09:56:03.467] thr=1   paramiko.transport: Remote version/idstring: SSH-2.0-OpenSSH_7.4
INF [20240111-09:56:03.467] thr=1   paramiko.transport: Connected (version 2.0, client OpenSSH_7.4)
DEB [20240111-09:56:03.471] thr=1   paramiko.transport: === Key exchange possibilities ===
DEB [20240111-09:56:03.472] thr=1   paramiko.transport: kex algos: curve25519-sha256, curve25519-sha256@libssh.org, ecdh-sha2-nistp256, ecdh-sha2-nistp384, ecdh-sha2-nistp521, diffie-hellman-group-exchange-sha256, diffie-hellman-group16-sha512, diffie-hellman-group18-sha512, diffie-hellman-group-exchange-sha1, diffie-hellman-group14-sha256, diffie-hellman-group14-sha1, diffie-hellman-group1-sha1
DEB [20240111-09:56:03.472] thr=1   paramiko.transport: server key: ssh-rsa, rsa-sha2-512, rsa-sha2-256, ecdsa-sha2-nistp256, ssh-ed25519
DEB [20240111-09:56:03.472] thr=1   paramiko.transport: client encrypt: aes256-ctr, aes192-ctr, aes128-ctr
DEB [20240111-09:56:03.473] thr=1   paramiko.transport: server encrypt: aes256-ctr, aes192-ctr, aes128-ctr
DEB [20240111-09:56:03.473] thr=1   paramiko.transport: client mac: umac-64-etm@openssh.com, umac-128-etm@openssh.com, hmac-sha2-256-etm@openssh.com, hmac-sha2-512-etm@openssh.com, hmac-sha1-etm@openssh.com, umac-64@openssh.com, umac-128@openssh.com, hmac-sha2-256, hmac-sha2-512, hmac-sha1
DEB [20240111-09:56:03.473] thr=1   paramiko.transport: server mac: umac-64-etm@openssh.com, umac-128-etm@openssh.com, hmac-sha2-256-etm@openssh.com, hmac-sha2-512-etm@openssh.com, hmac-sha1-etm@openssh.com, umac-64@openssh.com, umac-128@openssh.com, hmac-sha2-256, hmac-sha2-512, hmac-sha1
DEB [20240111-09:56:03.474] thr=1   paramiko.transport: client compress: none, zlib@openssh.com
DEB [20240111-09:56:03.474] thr=1   paramiko.transport: server compress: none, zlib@openssh.com
DEB [20240111-09:56:03.474] thr=1   paramiko.transport: client lang: <none>
DEB [20240111-09:56:03.475] thr=1   paramiko.transport: server lang: <none>
DEB [20240111-09:56:03.475] thr=1   paramiko.transport: kex follows: False
DEB [20240111-09:56:03.475] thr=1   paramiko.transport: === Key exchange agreements ===
DEB [20240111-09:56:03.475] thr=1   paramiko.transport: Kex: curve25519-sha256@libssh.org
DEB [20240111-09:56:03.476] thr=1   paramiko.transport: HostKey: ecdsa-sha2-nistp256
DEB [20240111-09:56:03.477] thr=1   paramiko.transport: Cipher: aes128-ctr
DEB [20240111-09:56:03.477] thr=1   paramiko.transport: MAC: hmac-sha2-256
DEB [20240111-09:56:03.477] thr=1   paramiko.transport: Compression: none
DEB [20240111-09:56:03.478] thr=1   paramiko.transport: === End of kex handshake ===
DEB [20240111-09:56:03.527] thr=1   paramiko.transport: kex engine KexCurve25519 specified hash_algo <built-in function openssl_sha256>
DEB [20240111-09:56:03.527] thr=1   paramiko.transport: Switch to new keys ...
DEB [20240111-09:56:03.528] thr=1   paramiko.transport: Got EXT_INFO: {'server-sig-algs': b'rsa-sha2-256,rsa-sha2-512'}
DEB [20240111-09:56:03.530] thr=2   paramiko.transport: Trying SSH agent key b'218c9c4fc702c9667a1140961ef66875'
DEB [20240111-09:56:03.574] thr=1   paramiko.transport: userauth is OK
DEB [20240111-09:56:03.575] thr=1   paramiko.transport: Finalizing pubkey algorithm for key of type 'ssh-rsa'
DEB [20240111-09:56:03.576] thr=1   paramiko.transport: Our pubkey algorithm list: ['rsa-sha2-512', 'rsa-sha2-256', 'ssh-rsa']
DEB [20240111-09:56:03.577] thr=1   paramiko.transport: Server-side algorithm list: ['rsa-sha2-256', 'rsa-sha2-512']
DEB [20240111-09:56:03.578] thr=1   paramiko.transport: Agreed upon 'rsa-sha2-512' pubkey algorithm
INF [20240111-09:56:03.596] thr=1   paramiko.transport: Auth banner: b'\n            Access to this system is monitored and restricted to\n            authorised users.   If you do not have authorisation\n            to use  this system,  you should not  proceed beyond\n            this point and should disconnect immediately.\n\n            Unauthorised use could lead to prosecution.\n\n    (See also - http://www.stfc.ac.uk/aup)\n\n'
INF [20240111-09:56:03.596] thr=1   paramiko.transport: Authentication (publickey) successful!
DEB [20240111-09:56:03.598] thr=2   paramiko.transport: [chan 0] Max packet in: 32768 bytes
DEB [20240111-09:56:03.606] thr=1   paramiko.transport: Received global request "hostkeys-00@openssh.com"
DEB [20240111-09:56:03.607] thr=1   paramiko.transport: Rejecting "hostkeys-00@openssh.com" global request from server.
DEB [20240111-09:56:03.652] thr=1   paramiko.transport: [chan 0] Max packet out: 32768 bytes
DEB [20240111-09:56:03.652] thr=1   paramiko.transport: Secsh channel 0 opened.
DEB [20240111-09:56:03.660] thr=1   paramiko.transport: [chan 0] Sesch channel 0 request ok
INF [20240111-09:56:05.397] thr=2   paramiko.transport.sftp: [chan 0] Opened sftp connection (server version 3)
DEB [20240111-09:56:05.397] thr=2   paramiko.transport.sftp: [chan 0] open(b'/home/users/gobncas/CFA_location_deletion_list.json', 'wb')
DEB [20240111-09:56:05.402] thr=2   paramiko.transport.sftp: [chan 0] open(b'/home/users/gobncas/CFA_location_deletion_list.json', 'wb') -> 00000000
DEB [20240111-09:56:05.402] thr=2   paramiko.transport.sftp: [chan 0] close(00000000)
DEB [20240111-09:56:05.410] thr=2   paramiko.transport.sftp: [chan 0] stat(b'/home/users/gobncas/CFA_location_deletion_list.json')
DEB [20240111-09:57:42.071] thr=1   paramiko.transport: starting thread (client mode): 0x37bb6af0
DEB [20240111-09:57:42.071] thr=1   paramiko.transport: Local version/idstring: SSH-2.0-paramiko_2.10.3
DEB [20240111-09:57:42.094] thr=1   paramiko.transport: Remote version/idstring: SSH-2.0-OpenSSH_7.4
INF [20240111-09:57:42.094] thr=1   paramiko.transport: Connected (version 2.0, client OpenSSH_7.4)
DEB [20240111-09:57:42.098] thr=1   paramiko.transport: === Key exchange possibilities ===
DEB [20240111-09:57:42.098] thr=1   paramiko.transport: kex algos: curve25519-sha256, curve25519-sha256@libssh.org, ecdh-sha2-nistp256, ecdh-sha2-nistp384, ecdh-sha2-nistp521, diffie-hellman-group-exchange-sha256, diffie-hellman-group16-sha512, diffie-hellman-group18-sha512, diffie-hellman-group-exchange-sha1, diffie-hellman-group14-sha256, diffie-hellman-group14-sha1, diffie-hellman-group1-sha1
DEB [20240111-09:57:42.098] thr=1   paramiko.transport: server key: ssh-rsa, rsa-sha2-512, rsa-sha2-256, ecdsa-sha2-nistp256, ssh-ed25519
DEB [20240111-09:57:42.098] thr=1   paramiko.transport: client encrypt: aes256-ctr, aes192-ctr, aes128-ctr
DEB [20240111-09:57:42.099] thr=1   paramiko.transport: server encrypt: aes256-ctr, aes192-ctr, aes128-ctr
DEB [20240111-09:57:42.099] thr=1   paramiko.transport: client mac: umac-64-etm@openssh.com, umac-128-etm@openssh.com, hmac-sha2-256-etm@openssh.com, hmac-sha2-512-etm@openssh.com, hmac-sha1-etm@openssh.com, umac-64@openssh.com, umac-128@openssh.com, hmac-sha2-256, hmac-sha2-512, hmac-sha1
DEB [20240111-09:57:42.099] thr=1   paramiko.transport: server mac: umac-64-etm@openssh.com, umac-128-etm@openssh.com, hmac-sha2-256-etm@openssh.com, hmac-sha2-512-etm@openssh.com, hmac-sha1-etm@openssh.com, umac-64@openssh.com, umac-128@openssh.com, hmac-sha2-256, hmac-sha2-512, hmac-sha1
DEB [20240111-09:57:42.099] thr=1   paramiko.transport: client compress: none, zlib@openssh.com
DEB [20240111-09:57:42.099] thr=1   paramiko.transport: server compress: none, zlib@openssh.com
DEB [20240111-09:57:42.099] thr=1   paramiko.transport: client lang: <none>
DEB [20240111-09:57:42.100] thr=1   paramiko.transport: server lang: <none>
DEB [20240111-09:57:42.100] thr=1   paramiko.transport: kex follows: False
DEB [20240111-09:57:42.100] thr=1   paramiko.transport: === Key exchange agreements ===
DEB [20240111-09:57:42.100] thr=1   paramiko.transport: Kex: curve25519-sha256@libssh.org
DEB [20240111-09:57:42.100] thr=1   paramiko.transport: HostKey: ecdsa-sha2-nistp256
DEB [20240111-09:57:42.101] thr=1   paramiko.transport: Cipher: aes128-ctr
DEB [20240111-09:57:42.101] thr=1   paramiko.transport: MAC: hmac-sha2-256
DEB [20240111-09:57:42.102] thr=1   paramiko.transport: Compression: none
DEB [20240111-09:57:42.102] thr=1   paramiko.transport: === End of kex handshake ===
DEB [20240111-09:57:42.155] thr=1   paramiko.transport: kex engine KexCurve25519 specified hash_algo <built-in function openssl_sha256>
DEB [20240111-09:57:42.157] thr=1   paramiko.transport: Switch to new keys ...
DEB [20240111-09:57:42.158] thr=1   paramiko.transport: Got EXT_INFO: {'server-sig-algs': b'rsa-sha2-256,rsa-sha2-512'}
DEB [20240111-09:57:42.159] thr=2   paramiko.transport: Trying SSH agent key b'218c9c4fc702c9667a1140961ef66875'
DEB [20240111-09:57:42.202] thr=1   paramiko.transport: userauth is OK
DEB [20240111-09:57:42.203] thr=1   paramiko.transport: Finalizing pubkey algorithm for key of type 'ssh-rsa'
DEB [20240111-09:57:42.204] thr=1   paramiko.transport: Our pubkey algorithm list: ['rsa-sha2-512', 'rsa-sha2-256', 'ssh-rsa']
DEB [20240111-09:57:42.204] thr=1   paramiko.transport: Server-side algorithm list: ['rsa-sha2-256', 'rsa-sha2-512']
DEB [20240111-09:57:42.205] thr=1   paramiko.transport: Agreed upon 'rsa-sha2-512' pubkey algorithm
INF [20240111-09:57:42.220] thr=1   paramiko.transport: Auth banner: b'\n            Access to this system is monitored and restricted to\n            authorised users.   If you do not have authorisation\n            to use  this system,  you should not  proceed beyond\n            this point and should disconnect immediately.\n\n            Unauthorised use could lead to prosecution.\n\n    (See also - http://www.stfc.ac.uk/aup)\n\n'
INF [20240111-09:57:42.221] thr=1   paramiko.transport: Authentication (publickey) successful!
DEB [20240111-09:57:42.222] thr=2   paramiko.transport: [chan 0] Max packet in: 32768 bytes
DEB [20240111-09:57:42.231] thr=1   paramiko.transport: Received global request "hostkeys-00@openssh.com"
DEB [20240111-09:57:42.232] thr=1   paramiko.transport: Rejecting "hostkeys-00@openssh.com" global request from server.
DEB [20240111-09:57:42.276] thr=1   paramiko.transport: [chan 0] Max packet out: 32768 bytes
DEB [20240111-09:57:42.277] thr=1   paramiko.transport: Secsh channel 0 opened.
DEB [20240111-09:57:42.288] thr=1   paramiko.transport: [chan 0] Sesch channel 0 request ok
INF [20240111-09:57:44.339] thr=2   paramiko.transport.sftp: [chan 0] Opened sftp connection (server version 3)
DEB [20240111-09:57:44.341] thr=2   paramiko.transport.sftp: [chan 0] open(b'/home/users/gobncas/CFA_location_deletion_list.json', 'wb')
DEB [20240111-09:57:44.348] thr=2   paramiko.transport.sftp: [chan 0] open(b'/home/users/gobncas/CFA_location_deletion_list.json', 'wb') -> 00000000
DEB [20240111-09:57:44.349] thr=2   paramiko.transport.sftp: [chan 0] close(00000000)
DEB [20240111-09:57:44.358] thr=2   paramiko.transport.sftp: [chan 0] stat(b'/home/users/gobncas/CFA_location_deletion_list.json')
DEB [20240111-09:59:01.070] thr=1   paramiko.transport: starting thread (client mode): 0x95ef02e0
DEB [20240111-09:59:01.070] thr=1   paramiko.transport: Local version/idstring: SSH-2.0-paramiko_2.10.3
DEB [20240111-09:59:01.089] thr=1   paramiko.transport: Remote version/idstring: SSH-2.0-OpenSSH_7.4
INF [20240111-09:59:01.089] thr=1   paramiko.transport: Connected (version 2.0, client OpenSSH_7.4)
DEB [20240111-09:59:01.093] thr=1   paramiko.transport: === Key exchange possibilities ===
DEB [20240111-09:59:01.093] thr=1   paramiko.transport: kex algos: curve25519-sha256, curve25519-sha256@libssh.org, ecdh-sha2-nistp256, ecdh-sha2-nistp384, ecdh-sha2-nistp521, diffie-hellman-group-exchange-sha256, diffie-hellman-group16-sha512, diffie-hellman-group18-sha512, diffie-hellman-group-exchange-sha1, diffie-hellman-group14-sha256, diffie-hellman-group14-sha1, diffie-hellman-group1-sha1
DEB [20240111-09:59:01.093] thr=1   paramiko.transport: server key: ssh-rsa, rsa-sha2-512, rsa-sha2-256, ecdsa-sha2-nistp256, ssh-ed25519
DEB [20240111-09:59:01.093] thr=1   paramiko.transport: client encrypt: aes256-ctr, aes192-ctr, aes128-ctr
DEB [20240111-09:59:01.093] thr=1   paramiko.transport: server encrypt: aes256-ctr, aes192-ctr, aes128-ctr
DEB [20240111-09:59:01.093] thr=1   paramiko.transport: client mac: umac-64-etm@openssh.com, umac-128-etm@openssh.com, hmac-sha2-256-etm@openssh.com, hmac-sha2-512-etm@openssh.com, hmac-sha1-etm@openssh.com, umac-64@openssh.com, umac-128@openssh.com, hmac-sha2-256, hmac-sha2-512, hmac-sha1
DEB [20240111-09:59:01.093] thr=1   paramiko.transport: server mac: umac-64-etm@openssh.com, umac-128-etm@openssh.com, hmac-sha2-256-etm@openssh.com, hmac-sha2-512-etm@openssh.com, hmac-sha1-etm@openssh.com, umac-64@openssh.com, umac-128@openssh.com, hmac-sha2-256, hmac-sha2-512, hmac-sha1
DEB [20240111-09:59:01.093] thr=1   paramiko.transport: client compress: none, zlib@openssh.com
DEB [20240111-09:59:01.093] thr=1   paramiko.transport: server compress: none, zlib@openssh.com
DEB [20240111-09:59:01.093] thr=1   paramiko.transport: client lang: <none>
DEB [20240111-09:59:01.093] thr=1   paramiko.transport: server lang: <none>
DEB [20240111-09:59:01.093] thr=1   paramiko.transport: kex follows: False
DEB [20240111-09:59:01.093] thr=1   paramiko.transport: === Key exchange agreements ===
DEB [20240111-09:59:01.093] thr=1   paramiko.transport: Kex: curve25519-sha256@libssh.org
DEB [20240111-09:59:01.093] thr=1   paramiko.transport: HostKey: ecdsa-sha2-nistp256
DEB [20240111-09:59:01.093] thr=1   paramiko.transport: Cipher: aes128-ctr
DEB [20240111-09:59:01.093] thr=1   paramiko.transport: MAC: hmac-sha2-256
DEB [20240111-09:59:01.093] thr=1   paramiko.transport: Compression: none
DEB [20240111-09:59:01.094] thr=1   paramiko.transport: === End of kex handshake ===
DEB [20240111-09:59:01.144] thr=1   paramiko.transport: kex engine KexCurve25519 specified hash_algo <built-in function openssl_sha256>
DEB [20240111-09:59:01.146] thr=1   paramiko.transport: Switch to new keys ...
DEB [20240111-09:59:01.147] thr=1   paramiko.transport: Got EXT_INFO: {'server-sig-algs': b'rsa-sha2-256,rsa-sha2-512'}
DEB [20240111-09:59:01.150] thr=2   paramiko.transport: Trying SSH agent key b'218c9c4fc702c9667a1140961ef66875'
DEB [20240111-09:59:01.191] thr=1   paramiko.transport: userauth is OK
DEB [20240111-09:59:01.191] thr=1   paramiko.transport: Finalizing pubkey algorithm for key of type 'ssh-rsa'
DEB [20240111-09:59:01.191] thr=1   paramiko.transport: Our pubkey algorithm list: ['rsa-sha2-512', 'rsa-sha2-256', 'ssh-rsa']
DEB [20240111-09:59:01.191] thr=1   paramiko.transport: Server-side algorithm list: ['rsa-sha2-256', 'rsa-sha2-512']
DEB [20240111-09:59:01.191] thr=1   paramiko.transport: Agreed upon 'rsa-sha2-512' pubkey algorithm
INF [20240111-09:59:01.206] thr=1   paramiko.transport: Auth banner: b'\n            Access to this system is monitored and restricted to\n            authorised users.   If you do not have authorisation\n            to use  this system,  you should not  proceed beyond\n            this point and should disconnect immediately.\n\n            Unauthorised use could lead to prosecution.\n\n    (See also - http://www.stfc.ac.uk/aup)\n\n'
INF [20240111-09:59:01.207] thr=1   paramiko.transport: Authentication (publickey) successful!
DEB [20240111-09:59:01.209] thr=2   paramiko.transport: [chan 0] Max packet in: 32768 bytes
DEB [20240111-09:59:01.226] thr=1   paramiko.transport: Received global request "hostkeys-00@openssh.com"
DEB [20240111-09:59:01.226] thr=1   paramiko.transport: Rejecting "hostkeys-00@openssh.com" global request from server.
DEB [20240111-09:59:01.273] thr=1   paramiko.transport: [chan 0] Max packet out: 32768 bytes
DEB [20240111-09:59:01.273] thr=1   paramiko.transport: Secsh channel 0 opened.
DEB [20240111-09:59:01.281] thr=1   paramiko.transport: [chan 0] Sesch channel 0 request ok
INF [20240111-09:59:04.142] thr=2   paramiko.transport.sftp: [chan 0] Opened sftp connection (server version 3)
DEB [20240111-09:59:04.144] thr=2   paramiko.transport.sftp: [chan 0] open(b'/home/users/gobncas/CFA_location_deletion_list.json', 'wb')
DEB [20240111-09:59:04.151] thr=2   paramiko.transport.sftp: [chan 0] open(b'/home/users/gobncas/CFA_location_deletion_list.json', 'wb') -> 00000000
DEB [20240111-09:59:04.151] thr=2   paramiko.transport.sftp: [chan 0] close(00000000)
DEB [20240111-09:59:04.161] thr=2   paramiko.transport.sftp: [chan 0] stat(b'/home/users/gobncas/CFA_location_deletion_list.json')
DEB [20240111-09:59:28.803] thr=1   paramiko.transport: starting thread (client mode): 0xc4ad6fd0
DEB [20240111-09:59:28.804] thr=1   paramiko.transport: Local version/idstring: SSH-2.0-paramiko_2.10.3
DEB [20240111-09:59:28.817] thr=1   paramiko.transport: Remote version/idstring: SSH-2.0-OpenSSH_7.4
INF [20240111-09:59:28.817] thr=1   paramiko.transport: Connected (version 2.0, client OpenSSH_7.4)
DEB [20240111-09:59:28.820] thr=1   paramiko.transport: === Key exchange possibilities ===
DEB [20240111-09:59:28.821] thr=1   paramiko.transport: kex algos: curve25519-sha256, curve25519-sha256@libssh.org, ecdh-sha2-nistp256, ecdh-sha2-nistp384, ecdh-sha2-nistp521, diffie-hellman-group-exchange-sha256, diffie-hellman-group16-sha512, diffie-hellman-group18-sha512, diffie-hellman-group-exchange-sha1, diffie-hellman-group14-sha256, diffie-hellman-group14-sha1, diffie-hellman-group1-sha1
DEB [20240111-09:59:28.821] thr=1   paramiko.transport: server key: ssh-rsa, rsa-sha2-512, rsa-sha2-256, ecdsa-sha2-nistp256, ssh-ed25519
DEB [20240111-09:59:28.821] thr=1   paramiko.transport: client encrypt: aes256-ctr, aes192-ctr, aes128-ctr
DEB [20240111-09:59:28.821] thr=1   paramiko.transport: server encrypt: aes256-ctr, aes192-ctr, aes128-ctr
DEB [20240111-09:59:28.821] thr=1   paramiko.transport: client mac: umac-64-etm@openssh.com, umac-128-etm@openssh.com, hmac-sha2-256-etm@openssh.com, hmac-sha2-512-etm@openssh.com, hmac-sha1-etm@openssh.com, umac-64@openssh.com, umac-128@openssh.com, hmac-sha2-256, hmac-sha2-512, hmac-sha1
DEB [20240111-09:59:28.821] thr=1   paramiko.transport: server mac: umac-64-etm@openssh.com, umac-128-etm@openssh.com, hmac-sha2-256-etm@openssh.com, hmac-sha2-512-etm@openssh.com, hmac-sha1-etm@openssh.com, umac-64@openssh.com, umac-128@openssh.com, hmac-sha2-256, hmac-sha2-512, hmac-sha1
DEB [20240111-09:59:28.822] thr=1   paramiko.transport: client compress: none, zlib@openssh.com
DEB [20240111-09:59:28.822] thr=1   paramiko.transport: server compress: none, zlib@openssh.com
DEB [20240111-09:59:28.822] thr=1   paramiko.transport: client lang: <none>
DEB [20240111-09:59:28.823] thr=1   paramiko.transport: server lang: <none>
DEB [20240111-09:59:28.823] thr=1   paramiko.transport: kex follows: False
DEB [20240111-09:59:28.823] thr=1   paramiko.transport: === Key exchange agreements ===
DEB [20240111-09:59:28.823] thr=1   paramiko.transport: Kex: curve25519-sha256@libssh.org
DEB [20240111-09:59:28.824] thr=1   paramiko.transport: HostKey: ecdsa-sha2-nistp256
DEB [20240111-09:59:28.824] thr=1   paramiko.transport: Cipher: aes128-ctr
DEB [20240111-09:59:28.824] thr=1   paramiko.transport: MAC: hmac-sha2-256
DEB [20240111-09:59:28.824] thr=1   paramiko.transport: Compression: none
DEB [20240111-09:59:28.825] thr=1   paramiko.transport: === End of kex handshake ===
DEB [20240111-09:59:28.875] thr=1   paramiko.transport: kex engine KexCurve25519 specified hash_algo <built-in function openssl_sha256>
DEB [20240111-09:59:28.878] thr=1   paramiko.transport: Switch to new keys ...
DEB [20240111-09:59:28.880] thr=1   paramiko.transport: Got EXT_INFO: {'server-sig-algs': b'rsa-sha2-256,rsa-sha2-512'}
DEB [20240111-09:59:28.882] thr=2   paramiko.transport: Trying SSH agent key b'218c9c4fc702c9667a1140961ef66875'
DEB [20240111-09:59:28.922] thr=1   paramiko.transport: userauth is OK
DEB [20240111-09:59:28.922] thr=1   paramiko.transport: Finalizing pubkey algorithm for key of type 'ssh-rsa'
DEB [20240111-09:59:28.922] thr=1   paramiko.transport: Our pubkey algorithm list: ['rsa-sha2-512', 'rsa-sha2-256', 'ssh-rsa']
DEB [20240111-09:59:28.922] thr=1   paramiko.transport: Server-side algorithm list: ['rsa-sha2-256', 'rsa-sha2-512']
DEB [20240111-09:59:28.922] thr=1   paramiko.transport: Agreed upon 'rsa-sha2-512' pubkey algorithm
INF [20240111-09:59:28.937] thr=1   paramiko.transport: Auth banner: b'\n            Access to this system is monitored and restricted to\n            authorised users.   If you do not have authorisation\n            to use  this system,  you should not  proceed beyond\n            this point and should disconnect immediately.\n\n            Unauthorised use could lead to prosecution.\n\n    (See also - http://www.stfc.ac.uk/aup)\n\n'
INF [20240111-09:59:28.938] thr=1   paramiko.transport: Authentication (publickey) successful!
DEB [20240111-09:59:28.940] thr=2   paramiko.transport: [chan 0] Max packet in: 32768 bytes
DEB [20240111-09:59:28.970] thr=1   paramiko.transport: Received global request "hostkeys-00@openssh.com"
DEB [20240111-09:59:28.970] thr=1   paramiko.transport: Rejecting "hostkeys-00@openssh.com" global request from server.
DEB [20240111-09:59:29.016] thr=1   paramiko.transport: [chan 0] Max packet out: 32768 bytes
DEB [20240111-09:59:29.016] thr=1   paramiko.transport: Secsh channel 0 opened.
DEB [20240111-09:59:29.044] thr=1   paramiko.transport: [chan 0] Sesch channel 0 request ok
INF [20240111-09:59:30.778] thr=2   paramiko.transport.sftp: [chan 0] Opened sftp connection (server version 3)
DEB [20240111-09:59:30.781] thr=2   paramiko.transport.sftp: [chan 0] open(b'/home/users/gobncas/CFA_location_deletion_list.json', 'wb')
DEB [20240111-09:59:30.786] thr=2   paramiko.transport.sftp: [chan 0] open(b'/home/users/gobncas/CFA_location_deletion_list.json', 'wb') -> 00000000
DEB [20240111-09:59:30.787] thr=2   paramiko.transport.sftp: [chan 0] close(00000000)
DEB [20240111-09:59:30.797] thr=2   paramiko.transport.sftp: [chan 0] stat(b'/home/users/gobncas/CFA_location_deletion_list.json')
DEB [20240111-10:01:59.022] thr=1   paramiko.transport: starting thread (client mode): 0xca91d340
DEB [20240111-10:01:59.023] thr=1   paramiko.transport: Local version/idstring: SSH-2.0-paramiko_2.10.3
DEB [20240111-10:01:59.050] thr=1   paramiko.transport: Remote version/idstring: SSH-2.0-OpenSSH_7.4
INF [20240111-10:01:59.050] thr=1   paramiko.transport: Connected (version 2.0, client OpenSSH_7.4)
DEB [20240111-10:01:59.059] thr=1   paramiko.transport: === Key exchange possibilities ===
DEB [20240111-10:01:59.059] thr=1   paramiko.transport: kex algos: curve25519-sha256, curve25519-sha256@libssh.org, ecdh-sha2-nistp256, ecdh-sha2-nistp384, ecdh-sha2-nistp521, diffie-hellman-group-exchange-sha256, diffie-hellman-group16-sha512, diffie-hellman-group18-sha512, diffie-hellman-group-exchange-sha1, diffie-hellman-group14-sha256, diffie-hellman-group14-sha1, diffie-hellman-group1-sha1
DEB [20240111-10:01:59.060] thr=1   paramiko.transport: server key: ssh-rsa, rsa-sha2-512, rsa-sha2-256, ecdsa-sha2-nistp256, ssh-ed25519
DEB [20240111-10:01:59.060] thr=1   paramiko.transport: client encrypt: aes256-ctr, aes192-ctr, aes128-ctr
DEB [20240111-10:01:59.060] thr=1   paramiko.transport: server encrypt: aes256-ctr, aes192-ctr, aes128-ctr
DEB [20240111-10:01:59.060] thr=1   paramiko.transport: client mac: umac-64-etm@openssh.com, umac-128-etm@openssh.com, hmac-sha2-256-etm@openssh.com, hmac-sha2-512-etm@openssh.com, hmac-sha1-etm@openssh.com, umac-64@openssh.com, umac-128@openssh.com, hmac-sha2-256, hmac-sha2-512, hmac-sha1
DEB [20240111-10:01:59.060] thr=1   paramiko.transport: server mac: umac-64-etm@openssh.com, umac-128-etm@openssh.com, hmac-sha2-256-etm@openssh.com, hmac-sha2-512-etm@openssh.com, hmac-sha1-etm@openssh.com, umac-64@openssh.com, umac-128@openssh.com, hmac-sha2-256, hmac-sha2-512, hmac-sha1
DEB [20240111-10:01:59.060] thr=1   paramiko.transport: client compress: none, zlib@openssh.com
DEB [20240111-10:01:59.060] thr=1   paramiko.transport: server compress: none, zlib@openssh.com
DEB [20240111-10:01:59.060] thr=1   paramiko.transport: client lang: <none>
DEB [20240111-10:01:59.061] thr=1   paramiko.transport: server lang: <none>
DEB [20240111-10:01:59.061] thr=1   paramiko.transport: kex follows: False
DEB [20240111-10:01:59.061] thr=1   paramiko.transport: === Key exchange agreements ===
DEB [20240111-10:01:59.061] thr=1   paramiko.transport: Kex: curve25519-sha256@libssh.org
DEB [20240111-10:01:59.061] thr=1   paramiko.transport: HostKey: ecdsa-sha2-nistp256
DEB [20240111-10:01:59.061] thr=1   paramiko.transport: Cipher: aes128-ctr
DEB [20240111-10:01:59.061] thr=1   paramiko.transport: MAC: hmac-sha2-256
DEB [20240111-10:01:59.061] thr=1   paramiko.transport: Compression: none
DEB [20240111-10:01:59.061] thr=1   paramiko.transport: === End of kex handshake ===
DEB [20240111-10:01:59.113] thr=1   paramiko.transport: kex engine KexCurve25519 specified hash_algo <built-in function openssl_sha256>
DEB [20240111-10:01:59.114] thr=1   paramiko.transport: Switch to new keys ...
DEB [20240111-10:01:59.116] thr=1   paramiko.transport: Got EXT_INFO: {'server-sig-algs': b'rsa-sha2-256,rsa-sha2-512'}
DEB [20240111-10:01:59.121] thr=2   paramiko.transport: Trying SSH agent key b'218c9c4fc702c9667a1140961ef66875'
DEB [20240111-10:01:59.160] thr=1   paramiko.transport: userauth is OK
DEB [20240111-10:01:59.161] thr=1   paramiko.transport: Finalizing pubkey algorithm for key of type 'ssh-rsa'
DEB [20240111-10:01:59.162] thr=1   paramiko.transport: Our pubkey algorithm list: ['rsa-sha2-512', 'rsa-sha2-256', 'ssh-rsa']
DEB [20240111-10:01:59.162] thr=1   paramiko.transport: Server-side algorithm list: ['rsa-sha2-256', 'rsa-sha2-512']
DEB [20240111-10:01:59.162] thr=1   paramiko.transport: Agreed upon 'rsa-sha2-512' pubkey algorithm
INF [20240111-10:01:59.181] thr=1   paramiko.transport: Auth banner: b'\n            Access to this system is monitored and restricted to\n            authorised users.   If you do not have authorisation\n            to use  this system,  you should not  proceed beyond\n            this point and should disconnect immediately.\n\n            Unauthorised use could lead to prosecution.\n\n    (See also - http://www.stfc.ac.uk/aup)\n\n'
INF [20240111-10:01:59.182] thr=1   paramiko.transport: Authentication (publickey) successful!
DEB [20240111-10:01:59.183] thr=2   paramiko.transport: [chan 0] Max packet in: 32768 bytes
DEB [20240111-10:01:59.190] thr=1   paramiko.transport: Received global request "hostkeys-00@openssh.com"
DEB [20240111-10:01:59.191] thr=1   paramiko.transport: Rejecting "hostkeys-00@openssh.com" global request from server.
DEB [20240111-10:01:59.236] thr=1   paramiko.transport: [chan 0] Max packet out: 32768 bytes
DEB [20240111-10:01:59.237] thr=1   paramiko.transport: Secsh channel 0 opened.
DEB [20240111-10:01:59.244] thr=1   paramiko.transport: [chan 0] Sesch channel 0 request ok
INF [20240111-10:02:02.203] thr=2   paramiko.transport.sftp: [chan 0] Opened sftp connection (server version 3)
DEB [20240111-10:02:02.204] thr=2   paramiko.transport.sftp: [chan 0] open(b'/home/users/gobncas/CFA_location_deletion_list.json', 'wb')
DEB [20240111-10:02:02.213] thr=2   paramiko.transport.sftp: [chan 0] open(b'/home/users/gobncas/CFA_location_deletion_list.json', 'wb') -> 00000000
DEB [20240111-10:02:02.216] thr=2   paramiko.transport.sftp: [chan 0] close(00000000)
DEB [20240111-10:02:02.225] thr=2   paramiko.transport.sftp: [chan 0] stat(b'/home/users/gobncas/CFA_location_deletion_list.json')
DEB [20240111-10:05:03.705] thr=1   paramiko.transport: starting thread (client mode): 0x2df7e340
DEB [20240111-10:05:03.706] thr=1   paramiko.transport: Local version/idstring: SSH-2.0-paramiko_2.10.3
DEB [20240111-10:05:03.718] thr=1   paramiko.transport: Remote version/idstring: SSH-2.0-OpenSSH_7.4
INF [20240111-10:05:03.718] thr=1   paramiko.transport: Connected (version 2.0, client OpenSSH_7.4)
DEB [20240111-10:05:03.721] thr=1   paramiko.transport: === Key exchange possibilities ===
DEB [20240111-10:05:03.721] thr=1   paramiko.transport: kex algos: curve25519-sha256, curve25519-sha256@libssh.org, ecdh-sha2-nistp256, ecdh-sha2-nistp384, ecdh-sha2-nistp521, diffie-hellman-group-exchange-sha256, diffie-hellman-group16-sha512, diffie-hellman-group18-sha512, diffie-hellman-group-exchange-sha1, diffie-hellman-group14-sha256, diffie-hellman-group14-sha1, diffie-hellman-group1-sha1
DEB [20240111-10:05:03.721] thr=1   paramiko.transport: server key: ssh-rsa, rsa-sha2-512, rsa-sha2-256, ecdsa-sha2-nistp256, ssh-ed25519
DEB [20240111-10:05:03.721] thr=1   paramiko.transport: client encrypt: aes256-ctr, aes192-ctr, aes128-ctr
DEB [20240111-10:05:03.721] thr=1   paramiko.transport: server encrypt: aes256-ctr, aes192-ctr, aes128-ctr
DEB [20240111-10:05:03.721] thr=1   paramiko.transport: client mac: umac-64-etm@openssh.com, umac-128-etm@openssh.com, hmac-sha2-256-etm@openssh.com, hmac-sha2-512-etm@openssh.com, hmac-sha1-etm@openssh.com, umac-64@openssh.com, umac-128@openssh.com, hmac-sha2-256, hmac-sha2-512, hmac-sha1
DEB [20240111-10:05:03.721] thr=1   paramiko.transport: server mac: umac-64-etm@openssh.com, umac-128-etm@openssh.com, hmac-sha2-256-etm@openssh.com, hmac-sha2-512-etm@openssh.com, hmac-sha1-etm@openssh.com, umac-64@openssh.com, umac-128@openssh.com, hmac-sha2-256, hmac-sha2-512, hmac-sha1
DEB [20240111-10:05:03.722] thr=1   paramiko.transport: client compress: none, zlib@openssh.com
DEB [20240111-10:05:03.722] thr=1   paramiko.transport: server compress: none, zlib@openssh.com
DEB [20240111-10:05:03.722] thr=1   paramiko.transport: client lang: <none>
DEB [20240111-10:05:03.722] thr=1   paramiko.transport: server lang: <none>
DEB [20240111-10:05:03.722] thr=1   paramiko.transport: kex follows: False
DEB [20240111-10:05:03.722] thr=1   paramiko.transport: === Key exchange agreements ===
DEB [20240111-10:05:03.722] thr=1   paramiko.transport: Kex: curve25519-sha256@libssh.org
DEB [20240111-10:05:03.722] thr=1   paramiko.transport: HostKey: ecdsa-sha2-nistp256
DEB [20240111-10:05:03.722] thr=1   paramiko.transport: Cipher: aes128-ctr
DEB [20240111-10:05:03.722] thr=1   paramiko.transport: MAC: hmac-sha2-256
DEB [20240111-10:05:03.722] thr=1   paramiko.transport: Compression: none
DEB [20240111-10:05:03.722] thr=1   paramiko.transport: === End of kex handshake ===
DEB [20240111-10:05:03.775] thr=1   paramiko.transport: kex engine KexCurve25519 specified hash_algo <built-in function openssl_sha256>
DEB [20240111-10:05:03.777] thr=1   paramiko.transport: Switch to new keys ...
DEB [20240111-10:05:03.782] thr=1   paramiko.transport: Got EXT_INFO: {'server-sig-algs': b'rsa-sha2-256,rsa-sha2-512'}
DEB [20240111-10:05:03.783] thr=2   paramiko.transport: Trying SSH agent key b'218c9c4fc702c9667a1140961ef66875'
DEB [20240111-10:05:03.821] thr=1   paramiko.transport: userauth is OK
DEB [20240111-10:05:03.821] thr=1   paramiko.transport: Finalizing pubkey algorithm for key of type 'ssh-rsa'
DEB [20240111-10:05:03.822] thr=1   paramiko.transport: Our pubkey algorithm list: ['rsa-sha2-512', 'rsa-sha2-256', 'ssh-rsa']
DEB [20240111-10:05:03.822] thr=1   paramiko.transport: Server-side algorithm list: ['rsa-sha2-256', 'rsa-sha2-512']
DEB [20240111-10:05:03.822] thr=1   paramiko.transport: Agreed upon 'rsa-sha2-512' pubkey algorithm
INF [20240111-10:05:03.842] thr=1   paramiko.transport: Auth banner: b'\n            Access to this system is monitored and restricted to\n            authorised users.   If you do not have authorisation\n            to use  this system,  you should not  proceed beyond\n            this point and should disconnect immediately.\n\n            Unauthorised use could lead to prosecution.\n\n    (See also - http://www.stfc.ac.uk/aup)\n\n'
INF [20240111-10:05:03.843] thr=1   paramiko.transport: Authentication (publickey) successful!
DEB [20240111-10:05:03.844] thr=2   paramiko.transport: [chan 0] Max packet in: 32768 bytes
DEB [20240111-10:05:03.852] thr=1   paramiko.transport: Received global request "hostkeys-00@openssh.com"
DEB [20240111-10:05:03.853] thr=1   paramiko.transport: Rejecting "hostkeys-00@openssh.com" global request from server.
DEB [20240111-10:05:03.896] thr=1   paramiko.transport: [chan 0] Max packet out: 32768 bytes
DEB [20240111-10:05:03.896] thr=1   paramiko.transport: Secsh channel 0 opened.
DEB [20240111-10:05:03.903] thr=1   paramiko.transport: [chan 0] Sesch channel 0 request ok
INF [20240111-10:05:06.193] thr=2   paramiko.transport.sftp: [chan 0] Opened sftp connection (server version 3)
DEB [20240111-10:05:06.195] thr=2   paramiko.transport.sftp: [chan 0] open(b'/home/users/gobncas/CFA_location_deletion_list.json', 'wb')
DEB [20240111-10:05:06.203] thr=2   paramiko.transport.sftp: [chan 0] open(b'/home/users/gobncas/CFA_location_deletion_list.json', 'wb') -> 00000000
DEB [20240111-10:05:06.205] thr=2   paramiko.transport.sftp: [chan 0] close(00000000)
DEB [20240111-10:05:06.214] thr=2   paramiko.transport.sftp: [chan 0] stat(b'/home/users/gobncas/CFA_location_deletion_list.json')
DEB [20240111-14:02:18.808] thr=1   paramiko.transport: starting thread (client mode): 0x96cf4100
DEB [20240111-14:02:18.810] thr=1   paramiko.transport: Local version/idstring: SSH-2.0-paramiko_2.10.3
DEB [20240111-14:02:18.831] thr=1   paramiko.transport: Remote version/idstring: SSH-2.0-OpenSSH_7.4
INF [20240111-14:02:18.832] thr=1   paramiko.transport: Connected (version 2.0, client OpenSSH_7.4)
DEB [20240111-14:02:18.837] thr=1   paramiko.transport: === Key exchange possibilities ===
DEB [20240111-14:02:18.839] thr=1   paramiko.transport: kex algos: curve25519-sha256, curve25519-sha256@libssh.org, ecdh-sha2-nistp256, ecdh-sha2-nistp384, ecdh-sha2-nistp521, diffie-hellman-group-exchange-sha256, diffie-hellman-group16-sha512, diffie-hellman-group18-sha512, diffie-hellman-group-exchange-sha1, diffie-hellman-group14-sha256, diffie-hellman-group14-sha1, diffie-hellman-group1-sha1
DEB [20240111-14:02:18.841] thr=1   paramiko.transport: server key: ssh-rsa, rsa-sha2-512, rsa-sha2-256, ecdsa-sha2-nistp256, ssh-ed25519
DEB [20240111-14:02:18.842] thr=1   paramiko.transport: client encrypt: aes256-ctr, aes192-ctr, aes128-ctr
DEB [20240111-14:02:18.844] thr=1   paramiko.transport: server encrypt: aes256-ctr, aes192-ctr, aes128-ctr
DEB [20240111-14:02:18.845] thr=1   paramiko.transport: client mac: umac-64-etm@openssh.com, umac-128-etm@openssh.com, hmac-sha2-256-etm@openssh.com, hmac-sha2-512-etm@openssh.com, hmac-sha1-etm@openssh.com, umac-64@openssh.com, umac-128@openssh.com, hmac-sha2-256, hmac-sha2-512, hmac-sha1
DEB [20240111-14:02:18.846] thr=1   paramiko.transport: server mac: umac-64-etm@openssh.com, umac-128-etm@openssh.com, hmac-sha2-256-etm@openssh.com, hmac-sha2-512-etm@openssh.com, hmac-sha1-etm@openssh.com, umac-64@openssh.com, umac-128@openssh.com, hmac-sha2-256, hmac-sha2-512, hmac-sha1
DEB [20240111-14:02:18.846] thr=1   paramiko.transport: client compress: none, zlib@openssh.com
DEB [20240111-14:02:18.846] thr=1   paramiko.transport: server compress: none, zlib@openssh.com
DEB [20240111-14:02:18.846] thr=1   paramiko.transport: client lang: <none>
DEB [20240111-14:02:18.846] thr=1   paramiko.transport: server lang: <none>
DEB [20240111-14:02:18.847] thr=1   paramiko.transport: kex follows: False
DEB [20240111-14:02:18.847] thr=1   paramiko.transport: === Key exchange agreements ===
DEB [20240111-14:02:18.847] thr=1   paramiko.transport: Kex: curve25519-sha256@libssh.org
DEB [20240111-14:02:18.847] thr=1   paramiko.transport: HostKey: ecdsa-sha2-nistp256
DEB [20240111-14:02:18.848] thr=1   paramiko.transport: Cipher: aes128-ctr
DEB [20240111-14:02:18.848] thr=1   paramiko.transport: MAC: hmac-sha2-256
DEB [20240111-14:02:18.848] thr=1   paramiko.transport: Compression: none
DEB [20240111-14:02:18.849] thr=1   paramiko.transport: === End of kex handshake ===
DEB [20240111-14:02:18.889] thr=1   paramiko.transport: kex engine KexCurve25519 specified hash_algo <built-in function openssl_sha256>
DEB [20240111-14:02:18.889] thr=1   paramiko.transport: Switch to new keys ...
DEB [20240111-14:02:18.889] thr=1   paramiko.transport: Got EXT_INFO: {'server-sig-algs': b'rsa-sha2-256,rsa-sha2-512'}
DEB [20240111-14:02:18.899] thr=2   paramiko.transport: Trying SSH agent key b'218c9c4fc702c9667a1140961ef66875'
DEB [20240111-14:02:18.935] thr=1   paramiko.transport: userauth is OK
DEB [20240111-14:02:18.935] thr=1   paramiko.transport: Finalizing pubkey algorithm for key of type 'ssh-rsa'
DEB [20240111-14:02:18.936] thr=1   paramiko.transport: Our pubkey algorithm list: ['rsa-sha2-512', 'rsa-sha2-256', 'ssh-rsa']
DEB [20240111-14:02:18.936] thr=1   paramiko.transport: Server-side algorithm list: ['rsa-sha2-256', 'rsa-sha2-512']
DEB [20240111-14:02:18.936] thr=1   paramiko.transport: Agreed upon 'rsa-sha2-512' pubkey algorithm
INF [20240111-14:02:18.977] thr=1   paramiko.transport: Auth banner: b'\n            Access to this system is monitored and restricted to\n            authorised users.   If you do not have authorisation\n            to use  this system,  you should not  proceed beyond\n            this point and should disconnect immediately.\n\n            Unauthorised use could lead to prosecution.\n\n    (See also - http://www.stfc.ac.uk/aup)\n\n'
INF [20240111-14:02:18.978] thr=1   paramiko.transport: Authentication (publickey) successful!
DEB [20240111-14:02:18.981] thr=2   paramiko.transport: [chan 0] Max packet in: 32768 bytes
DEB [20240111-14:02:18.991] thr=1   paramiko.transport: Received global request "hostkeys-00@openssh.com"
DEB [20240111-14:02:19.000] thr=1   paramiko.transport: Rejecting "hostkeys-00@openssh.com" global request from server.
DEB [20240111-14:02:19.036] thr=1   paramiko.transport: [chan 0] Max packet out: 32768 bytes
DEB [20240111-14:02:19.039] thr=1   paramiko.transport: Secsh channel 0 opened.
DEB [20240111-14:02:19.053] thr=1   paramiko.transport: [chan 0] Sesch channel 0 request ok
INF [20240111-14:02:21.176] thr=2   paramiko.transport.sftp: [chan 0] Opened sftp connection (server version 3)
DEB [20240111-14:02:21.179] thr=2   paramiko.transport.sftp: [chan 0] open(b'/home/users/gobncas/CFA_location_deletion_list.json', 'wb')
DEB [20240111-14:02:21.185] thr=2   paramiko.transport.sftp: [chan 0] open(b'/home/users/gobncas/CFA_location_deletion_list.json', 'wb') -> 00000000
DEB [20240111-14:02:21.186] thr=2   paramiko.transport.sftp: [chan 0] close(00000000)
DEB [20240111-14:02:21.202] thr=2   paramiko.transport.sftp: [chan 0] stat(b'/home/users/gobncas/CFA_location_deletion_list.json')
DEB [20240111-14:03:21.268] thr=1   paramiko.transport: [chan 0] Unhandled channel request "keepalive@openssh.com"
DEB [20240111-14:04:21.327] thr=1   paramiko.transport: [chan 0] Unhandled channel request "keepalive@openssh.com"
DEB [20240111-14:05:21.393] thr=1   paramiko.transport: [chan 0] Unhandled channel request "keepalive@openssh.com"
DEB [20240111-15:03:20.898] thr=1   paramiko.transport: starting thread (client mode): 0x68d2ea90
DEB [20240111-15:03:20.899] thr=1   paramiko.transport: Local version/idstring: SSH-2.0-paramiko_2.10.3
DEB [20240111-15:03:20.935] thr=1   paramiko.transport: Remote version/idstring: SSH-2.0-OpenSSH_7.4
INF [20240111-15:03:20.936] thr=1   paramiko.transport: Connected (version 2.0, client OpenSSH_7.4)
DEB [20240111-15:03:20.939] thr=1   paramiko.transport: === Key exchange possibilities ===
DEB [20240111-15:03:20.940] thr=1   paramiko.transport: kex algos: curve25519-sha256, curve25519-sha256@libssh.org, ecdh-sha2-nistp256, ecdh-sha2-nistp384, ecdh-sha2-nistp521, diffie-hellman-group-exchange-sha256, diffie-hellman-group16-sha512, diffie-hellman-group18-sha512, diffie-hellman-group-exchange-sha1, diffie-hellman-group14-sha256, diffie-hellman-group14-sha1, diffie-hellman-group1-sha1
DEB [20240111-15:03:20.940] thr=1   paramiko.transport: server key: ssh-rsa, rsa-sha2-512, rsa-sha2-256, ecdsa-sha2-nistp256, ssh-ed25519
DEB [20240111-15:03:20.941] thr=1   paramiko.transport: client encrypt: aes256-ctr, aes192-ctr, aes128-ctr
DEB [20240111-15:03:20.942] thr=1   paramiko.transport: server encrypt: aes256-ctr, aes192-ctr, aes128-ctr
DEB [20240111-15:03:20.944] thr=1   paramiko.transport: client mac: umac-64-etm@openssh.com, umac-128-etm@openssh.com, hmac-sha2-256-etm@openssh.com, hmac-sha2-512-etm@openssh.com, hmac-sha1-etm@openssh.com, umac-64@openssh.com, umac-128@openssh.com, hmac-sha2-256, hmac-sha2-512, hmac-sha1
DEB [20240111-15:03:20.945] thr=1   paramiko.transport: server mac: umac-64-etm@openssh.com, umac-128-etm@openssh.com, hmac-sha2-256-etm@openssh.com, hmac-sha2-512-etm@openssh.com, hmac-sha1-etm@openssh.com, umac-64@openssh.com, umac-128@openssh.com, hmac-sha2-256, hmac-sha2-512, hmac-sha1
DEB [20240111-15:03:20.946] thr=1   paramiko.transport: client compress: none, zlib@openssh.com
DEB [20240111-15:03:20.948] thr=1   paramiko.transport: server compress: none, zlib@openssh.com
DEB [20240111-15:03:20.948] thr=1   paramiko.transport: client lang: <none>
DEB [20240111-15:03:20.950] thr=1   paramiko.transport: server lang: <none>
DEB [20240111-15:03:20.950] thr=1   paramiko.transport: kex follows: False
DEB [20240111-15:03:20.951] thr=1   paramiko.transport: === Key exchange agreements ===
DEB [20240111-15:03:20.951] thr=1   paramiko.transport: Kex: curve25519-sha256@libssh.org
DEB [20240111-15:03:20.951] thr=1   paramiko.transport: HostKey: ecdsa-sha2-nistp256
DEB [20240111-15:03:20.951] thr=1   paramiko.transport: Cipher: aes128-ctr
DEB [20240111-15:03:20.951] thr=1   paramiko.transport: MAC: hmac-sha2-256
DEB [20240111-15:03:20.951] thr=1   paramiko.transport: Compression: none
DEB [20240111-15:03:20.952] thr=1   paramiko.transport: === End of kex handshake ===
DEB [20240111-15:03:20.990] thr=1   paramiko.transport: kex engine KexCurve25519 specified hash_algo <built-in function openssl_sha256>
DEB [20240111-15:03:20.992] thr=1   paramiko.transport: Switch to new keys ...
DEB [20240111-15:03:20.996] thr=1   paramiko.transport: Got EXT_INFO: {'server-sig-algs': b'rsa-sha2-256,rsa-sha2-512'}
DEB [20240111-15:03:21.001] thr=2   paramiko.transport: Trying SSH agent key b'218c9c4fc702c9667a1140961ef66875'
DEB [20240111-15:03:21.036] thr=1   paramiko.transport: userauth is OK
DEB [20240111-15:03:21.037] thr=1   paramiko.transport: Finalizing pubkey algorithm for key of type 'ssh-rsa'
DEB [20240111-15:03:21.037] thr=1   paramiko.transport: Our pubkey algorithm list: ['rsa-sha2-512', 'rsa-sha2-256', 'ssh-rsa']
DEB [20240111-15:03:21.037] thr=1   paramiko.transport: Server-side algorithm list: ['rsa-sha2-256', 'rsa-sha2-512']
DEB [20240111-15:03:21.037] thr=1   paramiko.transport: Agreed upon 'rsa-sha2-512' pubkey algorithm
INF [20240111-15:03:21.055] thr=1   paramiko.transport: Auth banner: b'\n            Access to this system is monitored and restricted to\n            authorised users.   If you do not have authorisation\n            to use  this system,  you should not  proceed beyond\n            this point and should disconnect immediately.\n\n            Unauthorised use could lead to prosecution.\n\n    (See also - http://www.stfc.ac.uk/aup)\n\n'
INF [20240111-15:03:21.056] thr=1   paramiko.transport: Authentication (publickey) successful!
DEB [20240111-15:03:21.056] thr=2   paramiko.transport: [chan 0] Max packet in: 32768 bytes
DEB [20240111-15:03:21.064] thr=1   paramiko.transport: Received global request "hostkeys-00@openssh.com"
DEB [20240111-15:03:21.065] thr=1   paramiko.transport: Rejecting "hostkeys-00@openssh.com" global request from server.
DEB [20240111-15:03:21.107] thr=1   paramiko.transport: [chan 0] Max packet out: 32768 bytes
DEB [20240111-15:03:21.108] thr=1   paramiko.transport: Secsh channel 0 opened.
DEB [20240111-15:03:21.113] thr=1   paramiko.transport: [chan 0] Sesch channel 0 request ok
INF [20240111-15:03:23.069] thr=2   paramiko.transport.sftp: [chan 0] Opened sftp connection (server version 3)
DEB [20240606-14:32:05.613] thr=1   paramiko.transport: starting thread (client mode): 0x19a423d0
DEB [20240606-14:32:05.614] thr=1   paramiko.transport: Local version/idstring: SSH-2.0-paramiko_2.10.3
DEB [20240606-14:32:05.623] thr=1   paramiko.transport: Remote version/idstring: SSH-2.0-OpenSSH_7.4
INF [20240606-14:32:05.623] thr=1   paramiko.transport: Connected (version 2.0, client OpenSSH_7.4)
DEB [20240606-14:32:05.626] thr=1   paramiko.transport: === Key exchange possibilities ===
DEB [20240606-14:32:05.626] thr=1   paramiko.transport: kex algos: curve25519-sha256, curve25519-sha256@libssh.org, ecdh-sha2-nistp256, ecdh-sha2-nistp384, ecdh-sha2-nistp521, diffie-hellman-group-exchange-sha256, diffie-hellman-group16-sha512, diffie-hellman-group18-sha512, diffie-hellman-group-exchange-sha1, diffie-hellman-group14-sha256, diffie-hellman-group14-sha1, diffie-hellman-group1-sha1
DEB [20240606-14:32:05.626] thr=1   paramiko.transport: server key: ssh-rsa, rsa-sha2-512, rsa-sha2-256, ecdsa-sha2-nistp256, ssh-ed25519
DEB [20240606-14:32:05.626] thr=1   paramiko.transport: client encrypt: aes256-ctr, aes192-ctr, aes128-ctr
DEB [20240606-14:32:05.626] thr=1   paramiko.transport: server encrypt: aes256-ctr, aes192-ctr, aes128-ctr
DEB [20240606-14:32:05.627] thr=1   paramiko.transport: client mac: umac-64-etm@openssh.com, umac-128-etm@openssh.com, hmac-sha2-256-etm@openssh.com, hmac-sha2-512-etm@openssh.com, hmac-sha1-etm@openssh.com, umac-64@openssh.com, umac-128@openssh.com, hmac-sha2-256, hmac-sha2-512, hmac-sha1
DEB [20240606-14:32:05.627] thr=1   paramiko.transport: server mac: umac-64-etm@openssh.com, umac-128-etm@openssh.com, hmac-sha2-256-etm@openssh.com, hmac-sha2-512-etm@openssh.com, hmac-sha1-etm@openssh.com, umac-64@openssh.com, umac-128@openssh.com, hmac-sha2-256, hmac-sha2-512, hmac-sha1
DEB [20240606-14:32:05.627] thr=1   paramiko.transport: client compress: none, zlib@openssh.com
DEB [20240606-14:32:05.627] thr=1   paramiko.transport: server compress: none, zlib@openssh.com
DEB [20240606-14:32:05.627] thr=1   paramiko.transport: client lang: <none>
DEB [20240606-14:32:05.627] thr=1   paramiko.transport: server lang: <none>
DEB [20240606-14:32:05.627] thr=1   paramiko.transport: kex follows: False
DEB [20240606-14:32:05.627] thr=1   paramiko.transport: === Key exchange agreements ===
DEB [20240606-14:32:05.627] thr=1   paramiko.transport: Kex: curve25519-sha256@libssh.org
DEB [20240606-14:32:05.627] thr=1   paramiko.transport: HostKey: ecdsa-sha2-nistp256
DEB [20240606-14:32:05.627] thr=1   paramiko.transport: Cipher: aes128-ctr
DEB [20240606-14:32:05.627] thr=1   paramiko.transport: MAC: hmac-sha2-256
DEB [20240606-14:32:05.627] thr=1   paramiko.transport: Compression: none
DEB [20240606-14:32:05.627] thr=1   paramiko.transport: === End of kex handshake ===
DEB [20240606-14:32:05.675] thr=1   paramiko.transport: kex engine KexCurve25519 specified hash_algo <built-in function openssl_sha256>
DEB [20240606-14:32:05.676] thr=1   paramiko.transport: Switch to new keys ...
DEB [20240606-14:32:05.677] thr=1   paramiko.transport: Got EXT_INFO: {'server-sig-algs': b'rsa-sha2-256,rsa-sha2-512'}
DEB [20240606-14:32:05.679] thr=2   paramiko.transport: Trying SSH agent key b'25b1fb08f65b373ac2d857b0336bbc96'
DEB [20240606-14:32:05.722] thr=1   paramiko.transport: userauth is OK
DEB [20240606-14:32:05.722] thr=1   paramiko.transport: Finalizing pubkey algorithm for key of type 'ssh-rsa'
DEB [20240606-14:32:05.723] thr=1   paramiko.transport: Our pubkey algorithm list: ['rsa-sha2-512', 'rsa-sha2-256', 'ssh-rsa']
DEB [20240606-14:32:05.723] thr=1   paramiko.transport: Server-side algorithm list: ['rsa-sha2-256', 'rsa-sha2-512']
DEB [20240606-14:32:05.723] thr=1   paramiko.transport: Agreed upon 'rsa-sha2-512' pubkey algorithm
INF [20240606-14:32:05.741] thr=1   paramiko.transport: Auth banner: b'Access to this system is monitored and restricted to authorised users. If you\ndo not have authorisation to use this system, you should not proceed beyond\nthis point and should disconnect immediately.\n\nUnauthorised use could lead to prosecution.\n'
INF [20240606-14:32:05.742] thr=1   paramiko.transport: Authentication (publickey) successful!
DEB [20240606-14:32:05.743] thr=2   paramiko.transport: [chan 0] Max packet in: 32768 bytes
DEB [20240606-14:32:05.748] thr=1   paramiko.transport: Received global request "hostkeys-00@openssh.com"
DEB [20240606-14:32:05.748] thr=1   paramiko.transport: Rejecting "hostkeys-00@openssh.com" global request from server.
DEB [20240606-14:32:05.795] thr=1   paramiko.transport: [chan 0] Max packet out: 32768 bytes
DEB [20240606-14:32:05.795] thr=1   paramiko.transport: Secsh channel 0 opened.
DEB [20240606-14:32:05.801] thr=1   paramiko.transport: [chan 0] Sesch channel 0 request ok
INF [20240606-14:32:09.157] thr=2   paramiko.transport.sftp: [chan 0] Opened sftp connection (server version 3)
DEB [20240606-14:32:09.165] thr=2   paramiko.transport.sftp: [chan 0] listdir(b'/gws/nopw/j04/canari/shared/large-ensemble/priority/HIST2/')
DEB [20240606-14:32:09.189] thr=2   paramiko.transport.sftp: [chan 0] stat(b'/gws/nopw/j04/canari/shared/large-ensemble/priority/HIST2/1')
DEB [20240606-14:32:09.194] thr=2   paramiko.transport.sftp: [chan 0] stat(b'/gws/nopw/j04/canari/shared/large-ensemble/priority/HIST2/10')
DEB [20240606-14:32:09.198] thr=2   paramiko.transport.sftp: [chan 0] stat(b'/gws/nopw/j04/canari/shared/large-ensemble/priority/HIST2/11')
DEB [20240606-14:32:09.202] thr=2   paramiko.transport.sftp: [chan 0] stat(b'/gws/nopw/j04/canari/shared/large-ensemble/priority/HIST2/12')
DEB [20240606-14:32:09.207] thr=2   paramiko.transport.sftp: [chan 0] stat(b'/gws/nopw/j04/canari/shared/large-ensemble/priority/HIST2/13')
DEB [20240606-14:32:09.211] thr=2   paramiko.transport.sftp: [chan 0] stat(b'/gws/nopw/j04/canari/shared/large-ensemble/priority/HIST2/14')
DEB [20240606-14:32:09.216] thr=2   paramiko.transport.sftp: [chan 0] stat(b'/gws/nopw/j04/canari/shared/large-ensemble/priority/HIST2/15')
DEB [20240606-14:32:09.220] thr=2   paramiko.transport.sftp: [chan 0] stat(b'/gws/nopw/j04/canari/shared/large-ensemble/priority/HIST2/16')
DEB [20240606-14:32:09.225] thr=2   paramiko.transport.sftp: [chan 0] stat(b'/gws/nopw/j04/canari/shared/large-ensemble/priority/HIST2/17')
DEB [20240606-14:32:09.230] thr=2   paramiko.transport.sftp: [chan 0] stat(b'/gws/nopw/j04/canari/shared/large-ensemble/priority/HIST2/18')
DEB [20240606-14:32:09.235] thr=2   paramiko.transport.sftp: [chan 0] stat(b'/gws/nopw/j04/canari/shared/large-ensemble/priority/HIST2/2')
DEB [20240606-14:32:09.240] thr=2   paramiko.transport.sftp: [chan 0] stat(b'/gws/nopw/j04/canari/shared/large-ensemble/priority/HIST2/20')
DEB [20240606-14:32:09.245] thr=2   paramiko.transport.sftp: [chan 0] stat(b'/gws/nopw/j04/canari/shared/large-ensemble/priority/HIST2/21')
DEB [20240606-14:32:09.250] thr=2   paramiko.transport.sftp: [chan 0] stat(b'/gws/nopw/j04/canari/shared/large-ensemble/priority/HIST2/22')
DEB [20240606-14:32:09.255] thr=2   paramiko.transport.sftp: [chan 0] stat(b'/gws/nopw/j04/canari/shared/large-ensemble/priority/HIST2/23')
DEB [20240606-14:32:09.260] thr=2   paramiko.transport.sftp: [chan 0] stat(b'/gws/nopw/j04/canari/shared/large-ensemble/priority/HIST2/24')
DEB [20240606-14:32:09.266] thr=2   paramiko.transport.sftp: [chan 0] stat(b'/gws/nopw/j04/canari/shared/large-ensemble/priority/HIST2/25')
DEB [20240606-14:32:09.272] thr=2   paramiko.transport.sftp: [chan 0] stat(b'/gws/nopw/j04/canari/shared/large-ensemble/priority/HIST2/27')
DEB [20240606-14:32:09.277] thr=2   paramiko.transport.sftp: [chan 0] stat(b'/gws/nopw/j04/canari/shared/large-ensemble/priority/HIST2/28')
DEB [20240606-14:32:09.283] thr=2   paramiko.transport.sftp: [chan 0] stat(b'/gws/nopw/j04/canari/shared/large-ensemble/priority/HIST2/3')
DEB [20240606-14:32:09.290] thr=2   paramiko.transport.sftp: [chan 0] stat(b'/gws/nopw/j04/canari/shared/large-ensemble/priority/HIST2/30')
DEB [20240606-14:32:09.295] thr=2   paramiko.transport.sftp: [chan 0] stat(b'/gws/nopw/j04/canari/shared/large-ensemble/priority/HIST2/31')
DEB [20240606-14:32:09.299] thr=2   paramiko.transport.sftp: [chan 0] stat(b'/gws/nopw/j04/canari/shared/large-ensemble/priority/HIST2/32')
DEB [20240606-14:32:09.304] thr=2   paramiko.transport.sftp: [chan 0] stat(b'/gws/nopw/j04/canari/shared/large-ensemble/priority/HIST2/33')
DEB [20240606-14:32:09.309] thr=2   paramiko.transport.sftp: [chan 0] stat(b'/gws/nopw/j04/canari/shared/large-ensemble/priority/HIST2/34')
DEB [20240606-14:32:09.313] thr=2   paramiko.transport.sftp: [chan 0] stat(b'/gws/nopw/j04/canari/shared/large-ensemble/priority/HIST2/35')
DEB [20240606-14:32:09.318] thr=2   paramiko.transport.sftp: [chan 0] stat(b'/gws/nopw/j04/canari/shared/large-ensemble/priority/HIST2/4')
DEB [20240606-14:32:09.323] thr=2   paramiko.transport.sftp: [chan 0] stat(b'/gws/nopw/j04/canari/shared/large-ensemble/priority/HIST2/5')
DEB [20240606-14:32:09.328] thr=2   paramiko.transport.sftp: [chan 0] stat(b'/gws/nopw/j04/canari/shared/large-ensemble/priority/HIST2/6')
DEB [20240606-14:32:09.332] thr=2   paramiko.transport.sftp: [chan 0] stat(b'/gws/nopw/j04/canari/shared/large-ensemble/priority/HIST2/7')
DEB [20240606-14:32:09.337] thr=2   paramiko.transport.sftp: [chan 0] stat(b'/gws/nopw/j04/canari/shared/large-ensemble/priority/HIST2/8')
DEB [20240606-14:32:09.342] thr=2   paramiko.transport.sftp: [chan 0] stat(b'/gws/nopw/j04/canari/shared/large-ensemble/priority/HIST2/9')
DEB [20240606-14:32:09.369] thr=2   paramiko.transport: [chan 1] Max packet in: 32768 bytes
DEB [20240606-14:32:09.373] thr=1   paramiko.transport: [chan 1] Max packet out: 32768 bytes
DEB [20240606-14:32:09.373] thr=1   paramiko.transport: Secsh channel 1 opened.
DEB [20240606-14:32:09.379] thr=1   paramiko.transport: [chan 1] Sesch channel 1 request ok
DEB [20240606-14:32:12.106] thr=1   paramiko.transport: [chan 1] EOF received (1)
DEB [20240606-14:32:12.107] thr=2   paramiko.transport: [chan 1] EOF sent (1)
DEB [20240606-14:32:12.111] thr=2   paramiko.transport.sftp: [chan 0] listdir(b'/gws/nopw/j04/canari/shared/large-ensemble/priority/HIST2/')
DEB [20240606-14:32:12.179] thr=2   paramiko.transport.sftp: [chan 0] stat(b'/gws/nopw/j04/canari/shared/large-ensemble/priority/HIST2/1')
DEB [20240624-16:58:56.457] thr=1   paramiko.transport: starting thread (client mode): 0xeec9e340
DEB [20240624-16:58:56.458] thr=1   paramiko.transport: Local version/idstring: SSH-2.0-paramiko_2.10.3
DEB [20240624-16:58:56.478] thr=1   paramiko.transport: Remote version/idstring: SSH-2.0-OpenSSH_7.4
INF [20240624-16:58:56.478] thr=1   paramiko.transport: Connected (version 2.0, client OpenSSH_7.4)
DEB [20240624-16:58:56.482] thr=1   paramiko.transport: === Key exchange possibilities ===
DEB [20240624-16:58:56.482] thr=1   paramiko.transport: kex algos: curve25519-sha256, curve25519-sha256@libssh.org, ecdh-sha2-nistp256, ecdh-sha2-nistp384, ecdh-sha2-nistp521, diffie-hellman-group-exchange-sha256, diffie-hellman-group16-sha512, diffie-hellman-group18-sha512, diffie-hellman-group-exchange-sha1, diffie-hellman-group14-sha256, diffie-hellman-group14-sha1, diffie-hellman-group1-sha1
DEB [20240624-16:58:56.482] thr=1   paramiko.transport: server key: ssh-rsa, rsa-sha2-512, rsa-sha2-256, ecdsa-sha2-nistp256, ssh-ed25519
DEB [20240624-16:58:56.482] thr=1   paramiko.transport: client encrypt: aes256-ctr, aes192-ctr, aes128-ctr
DEB [20240624-16:58:56.482] thr=1   paramiko.transport: server encrypt: aes256-ctr, aes192-ctr, aes128-ctr
DEB [20240624-16:58:56.483] thr=1   paramiko.transport: client mac: umac-64-etm@openssh.com, umac-128-etm@openssh.com, hmac-sha2-256-etm@openssh.com, hmac-sha2-512-etm@openssh.com, hmac-sha1-etm@openssh.com, umac-64@openssh.com, umac-128@openssh.com, hmac-sha2-256, hmac-sha2-512, hmac-sha1
DEB [20240624-16:58:56.483] thr=1   paramiko.transport: server mac: umac-64-etm@openssh.com, umac-128-etm@openssh.com, hmac-sha2-256-etm@openssh.com, hmac-sha2-512-etm@openssh.com, hmac-sha1-etm@openssh.com, umac-64@openssh.com, umac-128@openssh.com, hmac-sha2-256, hmac-sha2-512, hmac-sha1
DEB [20240624-16:58:56.483] thr=1   paramiko.transport: client compress: none, zlib@openssh.com
DEB [20240624-16:58:56.483] thr=1   paramiko.transport: server compress: none, zlib@openssh.com
DEB [20240624-16:58:56.483] thr=1   paramiko.transport: client lang: <none>
DEB [20240624-16:58:56.483] thr=1   paramiko.transport: server lang: <none>
DEB [20240624-16:58:56.483] thr=1   paramiko.transport: kex follows: False
DEB [20240624-16:58:56.483] thr=1   paramiko.transport: === Key exchange agreements ===
DEB [20240624-16:58:56.483] thr=1   paramiko.transport: Kex: curve25519-sha256@libssh.org
DEB [20240624-16:58:56.483] thr=1   paramiko.transport: HostKey: ecdsa-sha2-nistp256
DEB [20240624-16:58:56.483] thr=1   paramiko.transport: Cipher: aes128-ctr
DEB [20240624-16:58:56.483] thr=1   paramiko.transport: MAC: hmac-sha2-256
DEB [20240624-16:58:56.483] thr=1   paramiko.transport: Compression: none
DEB [20240624-16:58:56.484] thr=1   paramiko.transport: === End of kex handshake ===
DEB [20240624-16:58:56.533] thr=1   paramiko.transport: kex engine KexCurve25519 specified hash_algo <built-in function openssl_sha256>
DEB [20240624-16:58:56.533] thr=1   paramiko.transport: Switch to new keys ...
DEB [20240624-16:58:56.534] thr=1   paramiko.transport: Got EXT_INFO: {'server-sig-algs': b'rsa-sha2-256,rsa-sha2-512'}
DEB [20240624-16:58:56.546] thr=2   paramiko.transport: Trying SSH agent key b'25b1fb08f65b373ac2d857b0336bbc96'
DEB [20240624-16:58:56.579] thr=1   paramiko.transport: userauth is OK
DEB [20240624-16:58:56.579] thr=1   paramiko.transport: Finalizing pubkey algorithm for key of type 'ssh-rsa'
DEB [20240624-16:58:56.580] thr=1   paramiko.transport: Our pubkey algorithm list: ['rsa-sha2-512', 'rsa-sha2-256', 'ssh-rsa']
DEB [20240624-16:58:56.580] thr=1   paramiko.transport: Server-side algorithm list: ['rsa-sha2-256', 'rsa-sha2-512']
DEB [20240624-16:58:56.580] thr=1   paramiko.transport: Agreed upon 'rsa-sha2-512' pubkey algorithm
INF [20240624-16:58:56.611] thr=1   paramiko.transport: Auth banner: b'Access to this system is monitored and restricted to authorised users. If you\ndo not have authorisation to use this system, you should not proceed beyond\nthis point and should disconnect immediately.\n\nUnauthorised use could lead to prosecution.\n'
INF [20240624-16:58:56.612] thr=1   paramiko.transport: Authentication (publickey) successful!
DEB [20240624-16:58:56.613] thr=2   paramiko.transport: [chan 0] Max packet in: 32768 bytes
DEB [20240624-16:58:56.617] thr=1   paramiko.transport: Received global request "hostkeys-00@openssh.com"
DEB [20240624-16:58:56.617] thr=1   paramiko.transport: Rejecting "hostkeys-00@openssh.com" global request from server.
DEB [20240624-16:58:56.663] thr=1   paramiko.transport: [chan 0] Max packet out: 32768 bytes
DEB [20240624-16:58:56.664] thr=1   paramiko.transport: Secsh channel 0 opened.
DEB [20240624-16:58:56.670] thr=1   paramiko.transport: [chan 0] Sesch channel 0 request ok
INF [20240624-16:58:58.838] thr=2   paramiko.transport.sftp: [chan 0] Opened sftp connection (server version 3)
DEB [20240624-16:58:58.842] thr=2   paramiko.transport: [chan 1] Max packet in: 32768 bytes
DEB [20240624-16:58:58.847] thr=1   paramiko.transport: [chan 1] Max packet out: 32768 bytes
DEB [20240624-16:58:58.847] thr=1   paramiko.transport: Secsh channel 1 opened.
DEB [20240624-16:58:58.852] thr=1   paramiko.transport: [chan 1] Sesch channel 1 request ok
DEB [20240624-16:59:00.620] thr=1   paramiko.transport: [chan 1] EOF received (1)
DEB [20240624-16:59:00.621] thr=2   paramiko.transport: [chan 1] EOF sent (1)
DEB [20240624-16:59:00.622] thr=2   paramiko.transport.sftp: [chan 0] listdir(b'/gws/nopw/j04/canari/shared/large-ensemble/priority/HIST2/13')
DEB [20240624-16:59:00.691] thr=2   paramiko.transport.sftp: [chan 0] stat(b'/gws/nopw/j04/canari/shared/large-ensemble/priority/HIST2/13/ATM')
